datetime,bubble_count
2019-05-07 16:37:35.302001+00:00,1
2019-05-17 00:56:44.213000+00:00,2
2019-05-18 11:45:45.948000+00:00,3
2019-05-18 11:47:16.325000+00:00,4
2019-05-18 11:47:54.450000+00:00,5
2019-05-18 11:49:19.032000+00:00,6
2019-05-18 11:49:27.501000+00:00,7
2019-05-18 11:49:29.332000+00:00,8
2019-05-18 11:49:32.924000+00:00,9
2019-05-18 11:49:34.311000+00:00,10
2019-05-18 11:49:36.819000+00:00,11
2019-05-18 11:49:41.579000+00:00,12
2019-05-18 11:49:45.474000+00:00,13
2019-05-18 11:49:47.545000+00:00,14
2019-05-18 11:49:50.392000+00:00,15
2019-05-18 11:49:54.395000+00:00,16
2019-05-18 11:49:57.615000+00:00,17
2019-05-18 11:49:59.006000+00:00,18
2019-05-18 11:50:02.638000+00:00,19
2019-05-18 11:50:06.542000+00:00,20
2019-05-18 11:50:08.027000+00:00,21
2019-05-18 11:50:09.489000+00:00,22
2019-05-18 11:50:11.215000+00:00,23
2019-05-18 11:50:14.707000+00:00,24
2019-05-18 11:50:17.756000+00:00,25
2019-05-18 11:50:20.348000+00:00,26
2019-05-18 11:50:22.186000+00:00,27
2019-05-18 11:50:24.223000+00:00,28
2019-05-18 11:50:26.656000+00:00,29
2019-05-18 11:50:28.612000+00:00,30
2019-05-18 11:50:29.757000+00:00,31
2019-05-18 11:50:31.101000+00:00,32
2019-05-18 11:50:32.521000+00:00,33
2019-05-18 11:50:33.823000+00:00,34
2019-05-18 11:50:35.177000+00:00,35
2019-05-18 11:50:37.204000+00:00,36
2019-05-18 11:50:38.589000+00:00,37
2019-05-18 11:50:40.418000+00:00,38
2019-05-18 11:50:42.715000+00:00,39
2019-05-18 11:50:45.401000+00:00,40
2019-05-18 11:50:47.011000+00:00,41
2019-05-18 11:50:48.200000+00:00,42
2019-05-18 11:50:50.183000+00:00,43
2019-05-18 11:50:52.749000+00:00,44
2019-05-18 11:50:54.464000+00:00,45
2019-05-18 11:50:55.647000+00:00,46
2019-05-18 11:50:58.371000+00:00,47
2019-05-18 11:51:00.231000+00:00,48
2019-05-18 11:51:01.515000+00:00,49
2019-05-18 11:51:03.371000+00:00,50
2019-05-18 11:51:04.599000+00:00,51
2019-05-18 11:51:08.052000+00:00,52
2019-05-18 11:51:09.845000+00:00,53
2019-05-18 11:51:11.568000+00:00,54
2019-05-18 11:51:12.787000+00:00,55
2019-05-18 11:51:14.097000+00:00,56
2019-05-18 11:51:16.526000+00:00,57
2019-05-18 11:51:18.002000+00:00,58
2019-05-18 11:51:19.831000+00:00,59
2019-05-18 11:51:21.843000+00:00,60
2019-05-18 11:51:23.187000+00:00,61
2019-05-18 11:51:25.826000+00:00,62
2019-05-18 11:51:27.997000+00:00,63
2019-05-18 11:51:31.342000+00:00,64
2019-05-18 11:51:34.893000+00:00,65
2019-05-18 11:51:36.917000+00:00,66
2019-05-18 11:51:39.306000+00:00,67
2019-05-18 11:51:42.780000+00:00,68
2019-05-18 11:51:45.042000+00:00,69
2019-05-18 11:51:46.341000+00:00,70
2019-05-18 11:51:47.738000+00:00,71
2019-05-18 11:51:49.853000+00:00,72
2019-05-18 11:51:51.634000+00:00,73
2019-05-18 11:51:53.008000+00:00,74
2019-05-18 11:51:55.453000+00:00,75
2019-05-18 11:51:57.186000+00:00,76
2019-05-18 11:51:59.095000+00:00,77
2019-05-18 11:52:04.438000+00:00,78
2019-05-18 11:52:07.338000+00:00,79
2019-05-18 11:52:08.816000+00:00,80
2019-05-18 11:52:12.193000+00:00,81
2019-05-18 11:52:16.146000+00:00,82
2019-05-18 11:52:18.958000+00:00,83
2019-05-18 11:52:23.975000+00:00,84
2019-05-18 11:52:26.576000+00:00,85
2019-05-18 11:52:30.350000+00:00,86
2019-05-18 11:52:32.504000+00:00,87
2019-05-18 11:52:34.085000+00:00,88
2019-05-18 11:52:35.416000+00:00,89
2019-05-18 11:52:36.583000+00:00,90
2019-05-18 11:52:38.105000+00:00,91
2019-05-18 11:52:39.237000+00:00,92
2019-05-18 11:52:41.239000+00:00,93
2019-05-18 11:52:44.197000+00:00,94
2019-05-18 11:52:46.667000+00:00,95
2019-05-18 11:52:48.494000+00:00,96
2019-05-18 11:52:50.616000+00:00,97
2019-05-18 11:52:52.747000+00:00,98
2019-05-18 11:52:55.249000+00:00,99
2019-05-18 11:52:56.473000+00:00,100
2019-05-18 11:52:58.109000+00:00,101
2019-05-18 11:52:59.436000+00:00,102
2019-05-18 11:53:01.274000+00:00,103
2019-05-18 11:53:02.946000+00:00,104
2019-05-18 11:53:04.082000+00:00,105
2019-05-18 11:53:05.601000+00:00,106
2019-05-18 11:53:07.162000+00:00,107
2019-05-18 11:53:09.047000+00:00,108
2019-05-18 11:53:11.315000+00:00,109
2019-05-18 11:53:12.908000+00:00,110
2019-05-18 11:53:14.157000+00:00,111
2019-05-18 11:53:15.631000+00:00,112
2019-05-18 11:53:17.629000+00:00,113
2019-05-18 11:53:21.289000+00:00,114
2019-05-18 11:53:23.077000+00:00,115
2019-05-18 11:53:25.579000+00:00,116
2019-05-18 11:53:27.528000+00:00,117
2019-05-18 11:53:29.110000+00:00,118
2019-05-18 11:53:30.535000+00:00,119
2019-05-18 11:53:31.827000+00:00,120
2019-05-18 11:53:33.846000+00:00,121
2019-05-18 11:53:35.146000+00:00,122
2019-05-18 11:53:36.758000+00:00,123
2019-05-18 11:53:39.722000+00:00,124
2019-05-18 11:53:42.042000+00:00,125
2019-05-18 11:53:43.881000+00:00,126
2019-05-18 11:53:47.313000+00:00,127
2019-05-18 11:53:49.258000+00:00,128
2019-05-18 11:53:50.800000+00:00,129
2019-05-18 11:53:53.383000+00:00,130
2019-05-18 11:53:58.168000+00:00,131
2019-05-18 11:54:00.678000+00:00,132
2019-05-18 11:54:03.336000+00:00,133
2019-05-18 11:54:05.494000+00:00,134
2019-05-18 11:54:07.324000+00:00,135
2019-05-18 11:54:08.770000+00:00,136
2019-05-18 11:54:10.738000+00:00,137
2019-05-18 11:54:14.795000+00:00,138
2019-05-18 11:54:17.224000+00:00,139
2019-05-18 11:54:18.329000+00:00,140
2019-05-18 11:54:20.855000+00:00,141
2019-05-18 11:54:22.537000+00:00,142
2019-05-18 11:54:24.222000+00:00,143
2019-05-18 11:54:26.257000+00:00,144
2019-05-18 11:54:27.957000+00:00,145
2019-05-18 11:54:30.995000+00:00,146
2019-05-18 11:54:32.435000+00:00,147
2019-05-18 11:54:34.536000+00:00,148
2019-05-18 11:54:36.881000+00:00,149
2019-05-18 11:54:39.560000+00:00,150
2019-05-18 11:54:43.454000+00:00,151
2019-05-18 11:54:45.178000+00:00,152
2019-05-18 11:54:52.286000+00:00,153
2019-05-18 11:54:57.166000+00:00,154
2019-05-18 11:54:58.918000+00:00,155
2019-05-18 11:55:00.738000+00:00,156
2019-05-18 11:55:04.909000+00:00,157
2019-05-18 11:55:07.506000+00:00,158
2019-05-18 11:55:09.399000+00:00,159
2019-05-18 11:55:12.175000+00:00,160
2019-05-18 11:55:16.878000+00:00,161
2019-05-18 11:55:18.504000+00:00,162
2019-05-18 11:55:24.399000+00:00,163
2019-05-18 11:55:26.750000+00:00,164
2019-05-18 11:55:29.136000+00:00,165
2019-05-18 11:55:30.993000+00:00,166
2019-05-18 11:55:33.454000+00:00,167
2019-05-18 11:55:35.053000+00:00,168
2019-05-18 11:55:42.336000+00:00,169
2019-05-18 11:55:44.210000+00:00,170
2019-05-18 11:55:47.101000+00:00,171
2019-05-18 11:55:56.479000+00:00,172
2019-05-18 11:56:01.310000+00:00,173
2019-05-18 11:56:08.264000+00:00,174
2019-05-18 11:56:18.946000+00:00,175
2019-05-18 11:56:20.270000+00:00,176
2019-05-18 11:56:24.892000+00:00,177
2019-05-18 11:56:26.569000+00:00,178
2019-05-18 11:56:28.626000+00:00,179
2019-05-18 11:56:30.222000+00:00,180
2019-05-18 11:56:38.163000+00:00,181
2019-05-18 11:56:40.214000+00:00,182
2019-05-18 11:56:43.796000+00:00,183
2019-05-18 11:56:47.392000+00:00,184
2019-05-18 11:56:52.620000+00:00,185
2019-05-18 11:57:06.815000+00:00,186
2019-05-18 11:57:09.925000+00:00,187
2019-05-18 11:57:41.511000+00:00,188
2019-05-18 11:57:57.677000+00:00,189
2019-05-18 11:58:09.231000+00:00,190
2019-05-18 11:58:24.624000+00:00,191
2019-05-18 11:58:36.314000+00:00,192
2019-05-18 11:58:38.400000+00:00,193
2019-05-18 11:58:41.962000+00:00,194
2019-05-18 11:59:09.120000+00:00,195
2019-05-18 11:59:33.430000+00:00,196
2019-05-18 11:59:40.824000+00:00,197
2019-05-18 11:59:42.322000+00:00,198
2019-05-18 11:59:44.205000+00:00,199
2019-05-18 11:59:57.786000+00:00,200
2019-05-18 12:00:13.741000+00:00,201
2019-05-18 12:00:23.910000+00:00,202
2019-05-18 12:00:32.804000+00:00,203
2019-05-18 12:00:34.178000+00:00,204
2019-05-18 12:00:35.735000+00:00,205
2019-05-18 12:00:51.775000+00:00,206
2019-05-18 12:01:39.588000+00:00,207
2019-05-18 12:01:52.460000+00:00,208
2019-05-18 12:01:54.063000+00:00,209
2019-05-18 12:01:59.917000+00:00,210
2019-05-18 12:02:09.685000+00:00,211
2019-05-18 12:02:13.016000+00:00,212
2019-05-18 12:02:16.263000+00:00,213
2019-05-18 12:02:22.724000+00:00,214
2019-05-18 12:02:25.136000+00:00,215
2019-05-18 12:02:42.688000+00:00,216
2019-05-18 12:03:04.172000+00:00,217
2019-05-18 12:03:10.346000+00:00,218
2019-05-18 12:03:15.967000+00:00,219
2019-05-18 12:03:58.634000+00:00,220
2019-05-18 12:04:20.346000+00:00,221
2019-05-18 12:04:25.357000+00:00,222
2019-05-18 12:04:33.209000+00:00,223
2019-05-18 12:04:34.600000+00:00,224
2019-05-18 12:04:44.673000+00:00,225
2019-05-18 12:04:46.519000+00:00,226
2019-05-18 12:05:17.399000+00:00,227
2019-05-18 12:05:21.872000+00:00,228
2019-05-18 12:05:55.779000+00:00,229
2019-05-18 12:06:05.110000+00:00,230
2019-05-18 12:06:18.517000+00:00,231
2019-05-18 12:06:22.649000+00:00,232
2019-05-18 12:06:42.350000+00:00,233
2019-05-18 12:06:44.125000+00:00,234
2019-05-18 12:06:48.407000+00:00,235
2019-05-18 12:06:52.727000+00:00,236
2019-05-18 12:07:00.390000+00:00,237
2019-05-18 12:07:03.610000+00:00,238
2019-05-18 12:07:11.375000+00:00,239
2019-05-18 12:07:16.014000+00:00,240
2019-05-18 12:08:02.711000+00:00,241
2019-05-18 12:08:07.213000+00:00,242
2019-05-18 12:08:13.048000+00:00,243
2019-05-18 12:08:20.562000+00:00,244
2019-05-18 12:08:23.222000+00:00,245
2019-05-18 12:08:25.540000+00:00,246
2019-05-18 12:08:33.448000+00:00,247
2019-05-18 12:08:36.037000+00:00,248
2019-05-18 12:08:56.183000+00:00,249
2019-05-18 12:09:00.511000+00:00,250
2019-05-18 12:09:03.109000+00:00,251
2019-05-18 12:09:23.914000+00:00,252
2019-05-18 12:09:33.663000+00:00,253
2019-05-18 12:09:42.430000+00:00,254
2019-05-18 12:10:12.021000+00:00,255
2019-05-18 12:10:21.662000+00:00,256
2019-05-18 12:10:29.761000+00:00,257
2019-05-18 12:10:53.756000+00:00,258
2019-05-18 12:12:07.207000+00:00,259
2019-05-18 12:12:37.093000+00:00,260
2019-05-18 12:12:45.386000+00:00,261
2019-05-18 12:13:39.148000+00:00,262
2019-05-18 12:14:42.436000+00:00,263
2019-05-18 12:14:49.549000+00:00,264
2019-05-18 12:15:31.197000+00:00,265
2019-05-18 12:15:54.269000+00:00,266
2019-05-18 12:16:06.724000+00:00,267
2019-05-18 12:16:19.250000+00:00,268
2019-05-18 12:16:21.799000+00:00,269
2019-05-18 12:16:28.671000+00:00,270
2019-05-18 12:16:48.291000+00:00,271
2019-05-18 12:17:08.917000+00:00,272
2019-05-18 12:17:36.152000+00:00,273
2019-05-18 12:17:37.287000+00:00,274
2019-05-18 12:17:48.388000+00:00,275
2019-05-18 12:17:51.212000+00:00,276
2019-05-18 12:18:31.162000+00:00,277
2019-05-18 12:18:33.785000+00:00,278
2019-05-18 12:19:13.712000+00:00,279
2019-05-18 12:19:21.754000+00:00,280
2019-05-18 12:19:24.939000+00:00,281
2019-05-18 12:19:31.020000+00:00,282
2019-05-18 12:20:01.666000+00:00,283
2019-05-18 12:20:18.373000+00:00,284
2019-05-18 12:20:30.803000+00:00,285
2019-05-18 12:20:37.318000+00:00,286
2019-05-18 12:20:44.274000+00:00,287
2019-05-18 12:21:04.564000+00:00,288
2019-05-18 12:21:20.974000+00:00,289
2019-05-18 12:21:29.575000+00:00,290
2019-05-18 12:21:39.110000+00:00,291
2019-05-18 12:21:41.114000+00:00,292
2019-05-18 12:21:51.219000+00:00,293
2019-05-18 12:21:56.918000+00:00,294
2019-05-18 12:21:58.824000+00:00,295
2019-05-18 12:22:17.415000+00:00,296
2019-05-18 12:22:50.612000+00:00,297
2019-05-18 12:22:52.162000+00:00,298
2019-05-18 12:23:18.190000+00:00,299
2019-05-18 12:23:20.388000+00:00,300
2019-05-18 12:24:26.922000+00:00,301
2019-05-18 12:26:11.131000+00:00,302
2019-05-18 12:27:26.154000+00:00,303
2019-05-18 12:27:53.699000+00:00,304
2019-05-18 12:32:38.427000+00:00,305
2019-05-18 12:32:43.447000+00:00,306
2019-05-18 12:33:40.456000+00:00,307
2019-05-18 12:37:41.936000+00:00,308
2019-05-18 12:43:33.918000+00:00,309
2019-05-18 12:49:26.099000+00:00,310
2019-05-18 12:54:42.743000+00:00,311
2019-05-18 12:54:49.593000+00:00,312
2019-05-18 12:54:52.630000+00:00,313
2019-05-18 12:54:57.497000+00:00,314
2019-05-18 12:55:12.918000+00:00,315
2019-05-18 12:55:15.147000+00:00,316
2019-05-18 12:55:39.615000+00:00,317
2019-05-18 12:55:42.804000+00:00,318
2019-05-18 12:55:52.352000+00:00,319
2019-05-18 12:56:00.565000+00:00,320
2019-05-18 12:56:19.168000+00:00,321
2019-05-18 12:56:22.622000+00:00,322
2019-05-18 12:56:33.027000+00:00,323
2019-05-18 12:56:34.884000+00:00,324
2019-05-18 12:56:53.827000+00:00,325
2019-05-18 12:56:56.541000+00:00,326
2019-05-18 12:56:59.444000+00:00,327
2019-05-18 12:57:09.412000+00:00,328
2019-05-18 12:57:13.116000+00:00,329
2019-05-18 12:57:16.317000+00:00,330
2019-05-18 12:57:22.018000+00:00,331
2019-05-18 12:57:32.962000+00:00,332
2019-05-18 12:57:38.859000+00:00,333
2019-05-18 12:57:58.457000+00:00,334
2019-05-18 12:58:06.310000+00:00,335
2019-05-18 12:58:39.320000+00:00,336
2019-05-18 12:58:41.941000+00:00,337
2019-05-18 12:58:46.921000+00:00,338
2019-05-18 12:59:08.367000+00:00,339
2019-05-18 12:59:11.445000+00:00,340
2019-05-18 13:01:13.694000+00:00,341
2019-05-18 13:01:15.551000+00:00,342
2019-05-18 13:01:51.811000+00:00,343
2019-05-18 13:02:43.209000+00:00,344
2019-05-18 13:02:57.270000+00:00,345
2019-05-18 13:03:04.792000+00:00,346
2019-05-18 13:03:50.095000+00:00,347
2019-05-18 13:04:33.365000+00:00,348
2019-05-18 13:09:05.079000+00:00,349
2019-05-18 13:09:17.576000+00:00,350
2019-05-18 13:09:22.390000+00:00,351
2019-05-18 13:11:46.941000+00:00,352
2019-05-18 13:14:58.706000+00:00,353
2019-05-18 13:22:08.062000+00:00,354
2019-05-18 13:26:22.115000+00:00,355
2019-05-18 13:29:03.995000+00:00,356
2019-05-18 13:33:28.196000+00:00,357
2019-05-18 13:33:40.771000+00:00,358
2019-05-18 13:35:15.125000+00:00,359
2019-05-18 13:37:27.238000+00:00,360
2019-05-18 13:38:08.071000+00:00,361
2019-05-18 13:38:39.019000+00:00,362
2019-05-18 13:40:44.030000+00:00,363
2019-05-18 13:42:43.016000+00:00,364
2019-05-18 13:42:44.802000+00:00,365
2019-05-18 13:43:43.645000+00:00,366
2019-05-18 13:43:47.499000+00:00,367
2019-05-18 13:43:52.308000+00:00,368
2019-05-18 13:49:53.493000+00:00,369
2019-05-18 13:49:54.814000+00:00,370
2019-05-18 13:49:56.563000+00:00,371
2019-05-18 13:49:57.862000+00:00,372
2019-05-18 13:49:59.742000+00:00,373
2019-05-18 13:50:02.607000+00:00,374
2019-05-18 13:50:07.760000+00:00,375
2019-05-18 13:50:23.744000+00:00,376
2019-05-18 13:53:42.535000+00:00,377
2019-05-18 13:56:06.748000+00:00,378
2019-05-18 13:59:06.727000+00:00,379
2019-05-18 14:02:20.307000+00:00,380
2019-05-18 14:02:44.025000+00:00,381
2019-05-18 14:03:16.030000+00:00,382
2019-05-18 14:03:44.332000+00:00,383
2019-05-18 14:04:11.540000+00:00,384
2019-05-18 14:04:37.713000+00:00,385
2019-05-18 14:04:43.546000+00:00,386
2019-05-18 14:04:45.839000+00:00,387
2019-05-18 14:05:21.963000+00:00,388
2019-05-18 14:11:19.327000+00:00,389
2019-05-18 14:17:46.979000+00:00,390
2019-05-18 14:18:02.167000+00:00,391
2019-05-18 14:25:55.357000+00:00,392
2019-05-18 14:36:16.178000+00:00,393
2019-05-18 14:58:53.658000+00:00,394
2019-05-18 15:05:47.717000+00:00,395
2019-05-18 15:34:11.800000+00:00,396
2019-05-18 16:04:19.449000+00:00,397
2019-05-18 17:46:28.279000+00:00,398
2019-05-18 18:41:01.542000+00:00,399
2019-05-18 18:57:46.188000+00:00,400
2019-05-18 21:23:40.332000+00:00,401
2019-05-19 14:04:19.558000+00:00,402
2019-05-19 14:04:21.443000+00:00,403
2019-05-19 14:11:59.128000+00:00,404
2019-05-19 14:13:23.217000+00:00,405
2019-05-19 14:14:22.225000+00:00,406
2019-05-19 14:16:03.578000+00:00,407
2019-05-19 14:16:49.072000+00:00,408
2019-05-19 14:20:37.019000+00:00,409
2019-05-19 14:22:38.525000+00:00,410
2019-05-19 14:34:41.199000+00:00,411
2019-05-19 14:35:18.685000+00:00,412
2019-05-19 15:12:08.690000+00:00,413
2019-05-19 17:18:30.681000+00:00,414
2019-05-19 17:19:43.030000+00:00,415
2019-05-19 17:20:37.588000+00:00,416
2019-05-19 17:22:22.358000+00:00,417
2019-05-19 17:23:40.005000+00:00,418
2019-05-19 17:26:25.024000+00:00,419
2019-05-19 17:27:09.870000+00:00,420
2019-05-19 17:27:34.664000+00:00,421
2019-05-19 17:27:59.037000+00:00,422
2019-05-19 17:28:01.180000+00:00,423
2019-05-19 17:28:03.666000+00:00,424
2019-05-19 17:28:08.329000+00:00,425
2019-05-19 17:29:16.821000+00:00,426
2019-05-19 17:30:43.138000+00:00,427
2019-05-19 17:31:12.913000+00:00,428
2019-05-19 17:31:20.310000+00:00,429
2019-05-19 17:32:20.025000+00:00,430
2019-05-19 17:32:25.133000+00:00,431
2019-05-19 17:33:17.282000+00:00,432
2019-05-19 17:34:50.544000+00:00,433
2019-05-19 17:35:28.311000+00:00,434
2019-05-19 17:36:42.707000+00:00,435
2019-05-19 17:38:51.079000+00:00,436
2019-05-19 17:40:01.682000+00:00,437
2019-05-19 17:40:28.378000+00:00,438
2019-05-19 17:41:35.823000+00:00,439
2019-05-19 17:41:40.008000+00:00,440
2019-05-19 17:41:53.618000+00:00,441
2019-05-19 17:45:22.934000+00:00,442
2019-05-19 17:45:29.413000+00:00,443
2019-05-19 17:45:47.558000+00:00,444
2019-05-19 17:50:37.732000+00:00,445
2019-05-19 17:50:45.712000+00:00,446
2019-05-19 17:50:52.597000+00:00,447
2019-05-19 17:52:22.370000+00:00,448
2019-05-19 17:53:21.743000+00:00,449
2019-05-19 17:53:54.077000+00:00,450
2019-05-19 17:54:01.438000+00:00,451
2019-05-19 17:55:02.046000+00:00,452
2019-05-19 17:57:15.686000+00:00,453
2019-05-19 17:58:08.911000+00:00,454
2019-05-19 17:58:52.243000+00:00,455
2019-05-19 17:58:54.229000+00:00,456
2019-05-19 18:00:22.310000+00:00,457
2019-05-19 18:00:23.731000+00:00,458
2019-05-19 18:00:26.187000+00:00,459
2019-05-19 18:00:28.781000+00:00,460
2019-05-19 18:00:32.119000+00:00,461
2019-05-19 18:01:09.765000+00:00,462
2019-05-19 18:01:11.404000+00:00,463
2019-05-19 18:02:01.459000+00:00,464
2019-05-19 18:02:10.588000+00:00,465
2019-05-19 18:03:05.943000+00:00,466
2019-05-19 18:03:15.843000+00:00,467
2019-05-19 18:06:59.606000+00:00,468
2019-05-19 18:07:05.577000+00:00,469
2019-05-19 18:07:25.411000+00:00,470
2019-05-19 18:09:31.213000+00:00,471
2019-05-19 18:10:04.177000+00:00,472
2019-05-20 13:38:51.583000+00:00,473
2019-05-20 13:39:09.920000+00:00,474
2019-05-20 13:39:30.638000+00:00,475
2019-05-20 13:39:46.100000+00:00,476
2019-05-20 13:39:48.439000+00:00,477
2019-05-20 13:39:49.855000+00:00,478
2019-05-20 13:39:52.851000+00:00,479
2019-05-20 13:39:54.034000+00:00,480
2019-05-20 13:40:04.243000+00:00,481
2019-05-20 13:40:05.755000+00:00,482
2019-05-20 13:40:12.401000+00:00,483
2019-05-20 13:40:14.295000+00:00,484
2019-05-20 13:40:16.613000+00:00,485
2019-05-20 13:40:18.547000+00:00,486
2019-05-20 13:40:22.024000+00:00,487
2019-05-20 13:40:23.740000+00:00,488
2019-05-20 13:40:26.218000+00:00,489
2019-05-20 13:40:27.970000+00:00,490
2019-05-20 13:40:33.307000+00:00,491
2019-05-20 13:40:34.998000+00:00,492
2019-05-20 13:40:38.404000+00:00,493
2019-05-20 13:40:40.372000+00:00,494
2019-05-20 13:40:42.049000+00:00,495
2019-05-20 13:40:43.616000+00:00,496
2019-05-20 13:40:45.157000+00:00,497
2019-05-20 13:40:47.322000+00:00,498
2019-05-20 13:40:50.556000+00:00,499
2019-05-20 13:40:53.017000+00:00,500
2019-05-20 13:40:56.572000+00:00,501
2019-05-20 13:41:00.515000+00:00,502
2019-05-20 13:41:02.559000+00:00,503
2019-05-20 13:41:06.633000+00:00,504
2019-05-20 13:41:08.262000+00:00,505
2019-05-20 13:41:13.001000+00:00,506
2019-05-20 13:41:15.204000+00:00,507
2019-05-20 13:41:16.829000+00:00,508
2019-05-20 13:41:18.339000+00:00,509
2019-05-20 13:41:20.311000+00:00,510
2019-05-20 13:41:21.991000+00:00,511
2019-05-20 13:41:23.779000+00:00,512
2019-05-20 13:41:25.358000+00:00,513
2019-05-20 13:41:29.957000+00:00,514
2019-05-20 13:41:31.329000+00:00,515
2019-05-20 13:41:34.464000+00:00,516
2019-05-20 13:41:36.899000+00:00,517
2019-05-20 13:41:39.637000+00:00,518
2019-05-20 13:41:42.165000+00:00,519
2019-05-20 13:41:45.641000+00:00,520
2019-05-20 13:41:47.358000+00:00,521
2019-05-20 13:41:49.172000+00:00,522
2019-05-20 13:41:51.198000+00:00,523
2019-05-20 13:41:52.640000+00:00,524
2019-05-20 13:41:57.624000+00:00,525
2019-05-20 13:41:58.840000+00:00,526
2019-05-20 13:42:00.901000+00:00,527
2019-05-20 13:42:07.762000+00:00,528
2019-05-20 13:42:12.310000+00:00,529
2019-05-20 13:42:13.448000+00:00,530
2019-05-20 13:42:15.084000+00:00,531
2019-05-20 13:42:19.483000+00:00,532
2019-05-20 13:42:23.835000+00:00,533
2019-05-20 13:42:31.526000+00:00,534
2019-05-20 13:42:36.565000+00:00,535
2019-05-20 13:42:39.727000+00:00,536
2019-05-20 13:42:40.894000+00:00,537
2019-05-20 13:42:42.988000+00:00,538
2019-05-20 13:42:44.296000+00:00,539
2019-05-20 13:42:48.424000+00:00,540
2019-05-20 13:42:54.623000+00:00,541
2019-05-20 13:43:00.064000+00:00,542
2019-05-20 13:43:01.720000+00:00,543
2019-05-20 13:43:10.617000+00:00,544
2019-05-20 13:43:12.353000+00:00,545
2019-05-20 13:43:14.164000+00:00,546
2019-05-20 13:43:15.388000+00:00,547
2019-05-20 13:43:17.662000+00:00,548
2019-05-20 13:43:27.501000+00:00,549
2019-05-20 13:43:31.117000+00:00,550
2019-05-20 13:43:32.412000+00:00,551
2019-05-20 13:43:38.387000+00:00,552
2019-05-20 13:43:39.760000+00:00,553
2019-05-20 13:43:42.441000+00:00,554
2019-05-20 13:43:43.620000+00:00,555
2019-05-20 13:43:44.747000+00:00,556
2019-05-20 13:43:47.976000+00:00,557
2019-05-20 13:43:49.641000+00:00,558
2019-05-20 13:43:53.996000+00:00,559
2019-05-20 13:43:56.358000+00:00,560
2019-05-20 13:43:58.285000+00:00,561
2019-05-20 13:44:06.246000+00:00,562
2019-05-20 13:44:08.770000+00:00,563
2019-05-20 13:44:11.878000+00:00,564
2019-05-20 13:44:15.699000+00:00,565
2019-05-20 13:44:18.455000+00:00,566
2019-05-20 13:44:20.814000+00:00,567
2019-05-20 13:44:24.342000+00:00,568
2019-05-20 13:44:28.299000+00:00,569
2019-05-20 13:44:30.618000+00:00,570
2019-05-20 13:44:32.254000+00:00,571
2019-05-20 13:44:33.596000+00:00,572
2019-05-20 13:44:35.153000+00:00,573
2019-05-20 13:44:38.109000+00:00,574
2019-05-20 13:44:41.081000+00:00,575
2019-05-20 13:44:42.822000+00:00,576
2019-05-20 13:44:45.726000+00:00,577
2019-05-20 13:44:48.035000+00:00,578
2019-05-20 13:44:49.244000+00:00,579
2019-05-20 13:44:52.900000+00:00,580
2019-05-20 13:44:55.433000+00:00,581
2019-05-20 13:44:57.099000+00:00,582
2019-05-20 13:45:00.203000+00:00,583
2019-05-20 13:45:04.361000+00:00,584
2019-05-20 13:45:06.204000+00:00,585
2019-05-20 13:45:08.396000+00:00,586
2019-05-20 13:45:10.629000+00:00,587
2019-05-20 13:45:15.408000+00:00,588
2019-05-20 13:45:16.543000+00:00,589
2019-05-20 13:45:18.022000+00:00,590
2019-05-20 13:45:19.512000+00:00,591
2019-05-20 13:45:24.463000+00:00,592
2019-05-20 13:45:28.611000+00:00,593
2019-05-20 13:45:33.142000+00:00,594
2019-05-20 13:45:36.811000+00:00,595
2019-05-20 13:45:38.189000+00:00,596
2019-05-20 13:45:40.023000+00:00,597
2019-05-20 13:45:41.707000+00:00,598
2019-05-20 13:45:43.438000+00:00,599
2019-05-20 13:45:44.618000+00:00,600
2019-05-20 13:45:47.304000+00:00,601
2019-05-20 13:45:48.531000+00:00,602
2019-05-20 13:45:50.658000+00:00,603
2019-05-20 13:45:51.898000+00:00,604
2019-05-20 13:45:53.374000+00:00,605
2019-05-20 13:45:54.875000+00:00,606
2019-05-20 13:45:58.971000+00:00,607
2019-05-20 13:46:01.403000+00:00,608
2019-05-20 13:46:03.371000+00:00,609
2019-05-20 13:46:04.486000+00:00,610
2019-05-20 13:46:07.186000+00:00,611
2019-05-20 13:46:08.578000+00:00,612
2019-05-20 13:46:09.967000+00:00,613
2019-05-20 13:46:11.741000+00:00,614
2019-05-20 13:46:14.378000+00:00,615
2019-05-20 13:46:17.439000+00:00,616
2019-05-20 13:46:19.934000+00:00,617
2019-05-20 13:46:22.469000+00:00,618
2019-05-20 13:46:25.007000+00:00,619
2019-05-20 13:46:26.971000+00:00,620
2019-05-20 13:46:28.972000+00:00,621
2019-05-20 13:46:30.847000+00:00,622
2019-05-20 13:46:32.269000+00:00,623
2019-05-20 13:46:33.932000+00:00,624
2019-05-20 13:46:35.671000+00:00,625
2019-05-20 13:46:36.953000+00:00,626
2019-05-20 13:46:38.707000+00:00,627
2019-05-20 13:46:41.014000+00:00,628
2019-05-20 13:46:42.922000+00:00,629
2019-05-20 13:46:44.500000+00:00,630
2019-05-20 13:46:45.793000+00:00,631
2019-05-20 13:46:46.909000+00:00,632
2019-05-20 13:46:48.256000+00:00,633
2019-05-20 13:46:49.448000+00:00,634
2019-05-20 13:46:52.657000+00:00,635
2019-05-20 13:46:54.569000+00:00,636
2019-05-20 13:46:57.458000+00:00,637
2019-05-20 13:46:58.743000+00:00,638
2019-05-20 13:47:05.548000+00:00,639
2019-05-20 13:47:06.803000+00:00,640
2019-05-20 13:47:08.976000+00:00,641
2019-05-20 13:47:11.279000+00:00,642
2019-05-20 13:47:13.099000+00:00,643
2019-05-20 13:47:14.529000+00:00,644
2019-05-20 13:47:16.677000+00:00,645
2019-05-20 13:47:19.363000+00:00,646
2019-05-20 13:47:20.702000+00:00,647
2019-05-20 13:47:21.907000+00:00,648
2019-05-20 13:47:23.054000+00:00,649
2019-05-20 13:47:26.153000+00:00,650
2019-05-20 13:47:29.608000+00:00,651
2019-05-20 13:47:30.980000+00:00,652
2019-05-20 13:47:32.891000+00:00,653
2019-05-20 13:47:34.036000+00:00,654
2019-05-20 13:47:35.141000+00:00,655
2019-05-20 13:47:37.081000+00:00,656
2019-05-20 13:47:38.602000+00:00,657
2019-05-20 13:47:40.726000+00:00,658
2019-05-20 13:47:43.170000+00:00,659
2019-05-20 13:47:45.047000+00:00,660
2019-05-20 13:47:46.481000+00:00,661
2019-05-20 13:47:48.625000+00:00,662
2019-05-20 13:47:50.931000+00:00,663
2019-05-20 13:47:52.285000+00:00,664
2019-05-20 13:47:53.469000+00:00,665
2019-05-20 13:47:56.326000+00:00,666
2019-05-20 13:47:57.868000+00:00,667
2019-05-20 13:48:00.112000+00:00,668
2019-05-20 13:48:01.865000+00:00,669
2019-05-20 13:48:03.320000+00:00,670
2019-05-20 13:48:04.502000+00:00,671
2019-05-20 13:48:06.091000+00:00,672
2019-05-20 13:48:09.104000+00:00,673
2019-05-20 13:48:10.824000+00:00,674
2019-05-20 13:48:13.345000+00:00,675
2019-05-20 13:48:14.603000+00:00,676
2019-05-20 13:48:16.057000+00:00,677
2019-05-20 13:48:17.863000+00:00,678
2019-05-20 13:48:19.179000+00:00,679
2019-05-20 13:48:20.292000+00:00,680
2019-05-20 13:48:21.811000+00:00,681
2019-05-20 13:48:23.842000+00:00,682
2019-05-20 13:48:25.805000+00:00,683
2019-05-20 13:48:27.123000+00:00,684
2019-05-20 13:48:29.473000+00:00,685
2019-05-20 13:48:31.164000+00:00,686
2019-05-20 13:48:33.064000+00:00,687
2019-05-20 13:48:35.297000+00:00,688
2019-05-20 13:48:36.487000+00:00,689
2019-05-20 13:48:38.623000+00:00,690
2019-05-20 13:48:40.420000+00:00,691
2019-05-20 13:48:41.810000+00:00,692
2019-05-20 13:48:43.208000+00:00,693
2019-05-20 13:48:44.671000+00:00,694
2019-05-20 13:48:46.513000+00:00,695
2019-05-20 13:48:47.673000+00:00,696
2019-05-20 13:48:49.555000+00:00,697
2019-05-20 13:48:50.899000+00:00,698
2019-05-20 13:48:53.349000+00:00,699
2019-05-20 13:48:54.562000+00:00,700
2019-05-20 13:48:56.009000+00:00,701
2019-05-20 13:48:57.126000+00:00,702
2019-05-20 13:48:58.433000+00:00,703
2019-05-20 13:48:59.646000+00:00,704
2019-05-20 13:49:01.928000+00:00,705
2019-05-20 13:49:03.984000+00:00,706
2019-05-20 13:49:06.025000+00:00,707
2019-05-20 13:49:07.134000+00:00,708
2019-05-20 13:49:08.263000+00:00,709
2019-05-20 13:49:11.074000+00:00,710
2019-05-20 13:49:12.216000+00:00,711
2019-05-20 13:49:13.414000+00:00,712
2019-05-20 13:49:14.883000+00:00,713
2019-05-20 13:49:17.102000+00:00,714
2019-05-20 13:49:19.807000+00:00,715
2019-05-20 13:49:22.062000+00:00,716
2019-05-20 13:49:23.244000+00:00,717
2019-05-20 13:49:24.369000+00:00,718
2019-05-20 13:49:27.118000+00:00,719
2019-05-20 13:49:29.126000+00:00,720
2019-05-20 13:49:30.340000+00:00,721
2019-05-20 13:49:32.093000+00:00,722
2019-05-20 13:49:33.663000+00:00,723
2019-05-20 13:49:35.266000+00:00,724
2019-05-20 13:49:36.811000+00:00,725
2019-05-20 13:49:38.506000+00:00,726
2019-05-20 13:49:40.205000+00:00,727
2019-05-20 13:49:41.900000+00:00,728
2019-05-20 13:49:44.312000+00:00,729
2019-05-20 13:49:45.795000+00:00,730
2019-05-20 13:49:47.575000+00:00,731
2019-05-20 13:49:49.194000+00:00,732
2019-05-20 13:49:50.783000+00:00,733
2019-05-20 13:49:52.228000+00:00,734
2019-05-20 13:49:53.985000+00:00,735
2019-05-20 13:49:55.201000+00:00,736
2019-05-20 13:49:56.594000+00:00,737
2019-05-20 13:49:58.833000+00:00,738
2019-05-20 13:50:00.587000+00:00,739
2019-05-20 13:50:01.749000+00:00,740
2019-05-20 13:50:03.752000+00:00,741
2019-05-20 13:50:05.547000+00:00,742
2019-05-20 13:50:07.639000+00:00,743
2019-05-20 13:50:09.333000+00:00,744
2019-05-20 13:50:10.639000+00:00,745
2019-05-20 13:50:13.044000+00:00,746
2019-05-20 13:50:14.377000+00:00,747
2019-05-20 13:50:16.298000+00:00,748
2019-05-20 13:50:18.067000+00:00,749
2019-05-20 13:50:20.594000+00:00,750
2019-05-20 13:50:22.816000+00:00,751
2019-05-20 13:50:24.780000+00:00,752
2019-05-20 13:50:26.666000+00:00,753
2019-05-20 13:50:27.834000+00:00,754
2019-05-20 13:50:29.196000+00:00,755
2019-05-20 13:50:31.065000+00:00,756
2019-05-20 13:50:34.702000+00:00,757
2019-05-20 13:50:35.808000+00:00,758
2019-05-20 13:50:37.641000+00:00,759
2019-05-20 13:50:38.884000+00:00,760
2019-05-20 13:50:40.299000+00:00,761
2019-05-20 13:50:42.702000+00:00,762
2019-05-20 13:50:44.363000+00:00,763
2019-05-20 13:50:46.500000+00:00,764
2019-05-20 13:50:47.763000+00:00,765
2019-05-20 13:50:49.131000+00:00,766
2019-05-20 13:50:50.872000+00:00,767
2019-05-20 13:50:52.641000+00:00,768
2019-05-20 13:50:55.197000+00:00,769
2019-05-20 13:50:57.846000+00:00,770
2019-05-20 13:50:59.032000+00:00,771
2019-05-20 13:51:01.022000+00:00,772
2019-05-20 13:51:02.268000+00:00,773
2019-05-20 13:51:03.608000+00:00,774
2019-05-20 13:51:06.901000+00:00,775
2019-05-20 13:51:08.055000+00:00,776
2019-05-20 13:51:09.321000+00:00,777
2019-05-20 13:51:10.931000+00:00,778
2019-05-20 13:51:12.330000+00:00,779
2019-05-20 13:51:14.746000+00:00,780
2019-05-20 13:51:16.249000+00:00,781
2019-05-20 13:51:18.502000+00:00,782
2019-05-20 13:51:19.647000+00:00,783
2019-05-20 13:51:23.186000+00:00,784
2019-05-20 13:51:24.933000+00:00,785
2019-05-20 13:51:27.043000+00:00,786
2019-05-20 13:51:28.756000+00:00,787
2019-05-20 13:51:30.155000+00:00,788
2019-05-20 13:51:32.422000+00:00,789
2019-05-20 13:51:34.243000+00:00,790
2019-05-20 13:51:35.533000+00:00,791
2019-05-20 13:51:36.674000+00:00,792
2019-05-20 13:51:39.152000+00:00,793
2019-05-20 13:51:42.302000+00:00,794
2019-05-20 13:51:43.923000+00:00,795
2019-05-20 13:51:46.172000+00:00,796
2019-05-20 13:51:47.904000+00:00,797
2019-05-20 13:51:49.199000+00:00,798
2019-05-20 13:51:51.760000+00:00,799
2019-05-20 13:51:52.975000+00:00,800
2019-05-20 13:51:54.498000+00:00,801
2019-05-20 13:51:55.601000+00:00,802
2019-05-20 13:51:57.208000+00:00,803
2019-05-20 13:51:58.648000+00:00,804
2019-05-20 13:52:00.255000+00:00,805
2019-05-20 13:52:01.767000+00:00,806
2019-05-20 13:52:02.988000+00:00,807
2019-05-20 13:52:05.069000+00:00,808
2019-05-20 13:52:06.289000+00:00,809
2019-05-20 13:52:08.198000+00:00,810
2019-05-20 13:52:09.969000+00:00,811
2019-05-20 13:52:11.599000+00:00,812
2019-05-20 13:52:12.740000+00:00,813
2019-05-20 13:52:14.658000+00:00,814
2019-05-20 13:52:15.767000+00:00,815
2019-05-20 13:52:16.889000+00:00,816
2019-05-20 13:52:18.285000+00:00,817
2019-05-20 13:52:22.235000+00:00,818
2019-05-20 13:52:24.033000+00:00,819
2019-05-20 13:52:27.041000+00:00,820
2019-05-20 13:52:29.535000+00:00,821
2019-05-20 13:52:32.116000+00:00,822
2019-05-20 13:52:33.738000+00:00,823
2019-05-20 13:52:35.039000+00:00,824
2019-05-20 13:52:36.874000+00:00,825
2019-05-20 13:52:38.198000+00:00,826
2019-05-20 13:52:39.611000+00:00,827
2019-05-20 13:52:42.060000+00:00,828
2019-05-20 13:52:43.420000+00:00,829
2019-05-20 13:52:44.820000+00:00,830
2019-05-20 13:52:46.394000+00:00,831
2019-05-20 13:52:47.591000+00:00,832
2019-05-20 13:52:49.166000+00:00,833
2019-05-20 13:52:50.300000+00:00,834
2019-05-20 13:52:51.628000+00:00,835
2019-05-20 13:52:53.205000+00:00,836
2019-05-20 13:52:54.745000+00:00,837
2019-05-20 13:52:56.879000+00:00,838
2019-05-20 13:52:58.393000+00:00,839
2019-05-20 13:53:00.940000+00:00,840
2019-05-20 13:53:02.521000+00:00,841
2019-05-20 13:53:04.357000+00:00,842
2019-05-20 13:53:05.611000+00:00,843
2019-05-20 13:53:07.283000+00:00,844
2019-05-20 13:53:08.509000+00:00,845
2019-05-20 13:53:10.904000+00:00,846
2019-05-20 13:53:12.563000+00:00,847
2019-05-20 13:53:14.236000+00:00,848
2019-05-20 13:53:15.958000+00:00,849
2019-05-20 13:53:17.126000+00:00,850
2019-05-20 13:53:18.673000+00:00,851
2019-05-20 13:53:21.207000+00:00,852
2019-05-20 13:53:23.423000+00:00,853
2019-05-20 13:53:24.633000+00:00,854
2019-05-20 13:53:26.248000+00:00,855
2019-05-20 13:53:27.666000+00:00,856
2019-05-20 13:53:28.872000+00:00,857
2019-05-20 13:53:30.411000+00:00,858
2019-05-20 13:53:31.825000+00:00,859
2019-05-20 13:53:33.170000+00:00,860
2019-05-20 13:53:35.160000+00:00,861
2019-05-20 13:53:36.511000+00:00,862
2019-05-20 13:53:38.423000+00:00,863
2019-05-20 13:53:39.839000+00:00,864
2019-05-20 13:53:42.716000+00:00,865
2019-05-20 13:53:43.939000+00:00,866
2019-05-20 13:53:45.977000+00:00,867
2019-05-20 13:53:47.733000+00:00,868
2019-05-20 13:53:48.900000+00:00,869
2019-05-20 13:53:50.383000+00:00,870
2019-05-20 13:53:53.924000+00:00,871
2019-05-20 13:53:55.890000+00:00,872
2019-05-20 13:53:58.780000+00:00,873
2019-05-20 13:54:00.020000+00:00,874
2019-05-20 13:54:02.138000+00:00,875
2019-05-20 13:54:04.004000+00:00,876
2019-05-20 13:54:06.688000+00:00,877
2019-05-20 13:54:07.850000+00:00,878
2019-05-20 13:54:09.233000+00:00,879
2019-05-20 13:54:11.418000+00:00,880
2019-05-20 13:54:14.479000+00:00,881
2019-05-20 13:54:16.087000+00:00,882
2019-05-20 13:54:17.840000+00:00,883
2019-05-20 13:54:19.547000+00:00,884
2019-05-20 13:54:20.999000+00:00,885
2019-05-20 13:54:23.866000+00:00,886
2019-05-20 13:54:26.935000+00:00,887
2019-05-20 13:54:28.763000+00:00,888
2019-05-20 13:54:29.925000+00:00,889
2019-05-20 13:54:31.487000+00:00,890
2019-05-20 13:54:32.620000+00:00,891
2019-05-20 13:54:33.810000+00:00,892
2019-05-20 13:54:37.160000+00:00,893
2019-05-20 13:54:39.512000+00:00,894
2019-05-20 13:54:41.648000+00:00,895
2019-05-20 13:54:43.026000+00:00,896
2019-05-20 13:54:46.661000+00:00,897
2019-05-20 13:54:47.910000+00:00,898
2019-05-20 13:54:50.001000+00:00,899
2019-05-20 13:54:52.504000+00:00,900
2019-05-20 13:54:54.184000+00:00,901
2019-05-20 13:54:57.116000+00:00,902
2019-05-20 13:54:59.347000+00:00,903
2019-05-20 13:55:00.532000+00:00,904
2019-05-20 13:55:03.372000+00:00,905
2019-05-20 13:55:06.895000+00:00,906
2019-05-20 13:55:10.373000+00:00,907
2019-05-20 13:55:12.549000+00:00,908
2019-05-20 13:55:13.797000+00:00,909
2019-05-20 13:55:16.718000+00:00,910
2019-05-20 13:55:18.630000+00:00,911
2019-05-20 13:55:21.295000+00:00,912
2019-05-20 13:55:22.859000+00:00,913
2019-05-20 13:55:25.499000+00:00,914
2019-05-20 13:55:26.784000+00:00,915
2019-05-20 13:55:29.936000+00:00,916
2019-05-20 13:55:31.378000+00:00,917
2019-05-20 13:55:34.187000+00:00,918
2019-05-20 13:55:36.327000+00:00,919
2019-05-20 13:55:39.138000+00:00,920
2019-05-20 13:55:40.793000+00:00,921
2019-05-20 13:55:43.149000+00:00,922
2019-05-20 13:55:44.755000+00:00,923
2019-05-20 13:55:49.128000+00:00,924
2019-05-20 13:55:54.954000+00:00,925
2019-05-20 13:55:57.934000+00:00,926
2019-05-20 13:56:01.984000+00:00,927
2019-05-20 13:56:05.684000+00:00,928
2019-05-20 13:56:07.754000+00:00,929
2019-05-20 13:56:09.383000+00:00,930
2019-05-20 13:56:11.167000+00:00,931
2019-05-20 13:56:12.519000+00:00,932
2019-05-20 13:56:14.403000+00:00,933
2019-05-20 13:56:19.198000+00:00,934
2019-05-20 13:56:21.790000+00:00,935
2019-05-20 13:56:25.025000+00:00,936
2019-05-20 13:56:26.771000+00:00,937
2019-05-20 13:56:29.204000+00:00,938
2019-05-20 13:56:30.320000+00:00,939
2019-05-20 13:56:32.889000+00:00,940
2019-05-20 13:56:35.966000+00:00,941
2019-05-20 13:56:37.701000+00:00,942
2019-05-20 13:56:43.542000+00:00,943
2019-05-20 13:56:47.968000+00:00,944
2019-05-20 13:56:50.653000+00:00,945
2019-05-20 13:56:52.709000+00:00,946
2019-05-20 13:56:53.873000+00:00,947
2019-05-20 13:56:55.285000+00:00,948
2019-05-20 13:56:59.579000+00:00,949
2019-05-20 13:57:01.074000+00:00,950
2019-05-20 13:57:02.742000+00:00,951
2019-05-20 13:57:05.053000+00:00,952
2019-05-20 13:57:06.203000+00:00,953
2019-05-20 13:57:08.841000+00:00,954
2019-05-20 13:57:10.635000+00:00,955
2019-05-20 13:57:14.434000+00:00,956
2019-05-20 13:57:17.058000+00:00,957
2019-05-20 13:57:18.513000+00:00,958
2019-05-20 13:57:23.839000+00:00,959
2019-05-20 13:57:25.051000+00:00,960
2019-05-20 13:57:26.360000+00:00,961
2019-05-20 13:57:27.739000+00:00,962
2019-05-20 13:57:29.468000+00:00,963
2019-05-20 13:57:33.264000+00:00,964
2019-05-20 13:57:35.799000+00:00,965
2019-05-20 13:57:37.391000+00:00,966
2019-05-20 13:57:38.718000+00:00,967
2019-05-20 13:57:41.694000+00:00,968
2019-05-20 13:57:45.614000+00:00,969
2019-05-20 13:57:51.214000+00:00,970
2019-05-20 13:57:55.431000+00:00,971
2019-05-20 13:57:58.529000+00:00,972
2019-05-20 13:58:01.312000+00:00,973
2019-05-20 13:58:04.388000+00:00,974
2019-05-20 13:58:07.071000+00:00,975
2019-05-20 13:58:08.912000+00:00,976
2019-05-20 13:58:10.994000+00:00,977
2019-05-20 13:58:13.315000+00:00,978
2019-05-20 13:58:15.244000+00:00,979
2019-05-20 13:58:16.819000+00:00,980
2019-05-20 13:58:20.454000+00:00,981
2019-05-20 13:58:21.940000+00:00,982
2019-05-20 13:58:23.489000+00:00,983
2019-05-20 13:58:24.790000+00:00,984
2019-05-20 13:58:26.587000+00:00,985
2019-05-20 13:58:28.410000+00:00,986
2019-05-20 13:58:29.649000+00:00,987
2019-05-20 13:58:31.371000+00:00,988
2019-05-20 13:58:33.891000+00:00,989
2019-05-20 13:58:36.504000+00:00,990
2019-05-20 13:58:37.612000+00:00,991
2019-05-20 13:58:39.908000+00:00,992
2019-05-20 13:58:41.601000+00:00,993
2019-05-20 13:58:45.304000+00:00,994
2019-05-20 13:58:48.475000+00:00,995
2019-05-20 13:58:50.108000+00:00,996
2019-05-20 13:58:56.135000+00:00,997
2019-05-20 13:59:00.665000+00:00,998
2019-05-20 13:59:02.213000+00:00,999
2019-05-20 13:59:09.500000+00:00,1000
2019-05-20 13:59:12.009000+00:00,1001
2019-05-20 13:59:13.580000+00:00,1002
2019-05-20 13:59:16.211000+00:00,1003
2019-05-20 13:59:18.233000+00:00,1004
2019-05-20 13:59:20.165000+00:00,1005
2019-05-20 13:59:22.283000+00:00,1006
2019-05-20 13:59:24.084000+00:00,1007
2019-05-20 13:59:25.651000+00:00,1008
2019-05-20 13:59:27.946000+00:00,1009
2019-05-20 13:59:30.547000+00:00,1010
2019-05-20 13:59:31.753000+00:00,1011
2019-05-20 13:59:32.972000+00:00,1012
2019-05-20 13:59:34.395000+00:00,1013
2019-05-20 13:59:35.878000+00:00,1014
2019-05-20 13:59:38.396000+00:00,1015
2019-05-20 13:59:40.158000+00:00,1016
2019-05-20 13:59:42.276000+00:00,1017
2019-05-20 13:59:44.399000+00:00,1018
2019-05-20 13:59:48.084000+00:00,1019
2019-05-20 13:59:52.215000+00:00,1020
2019-05-20 13:59:54.366000+00:00,1021
2019-05-20 13:59:56.113000+00:00,1022
2019-05-20 13:59:58.433000+00:00,1023
2019-05-20 14:00:01.609000+00:00,1024
2019-05-20 14:00:02.803000+00:00,1025
2019-05-20 14:00:05.367000+00:00,1026
2019-05-20 14:00:07.788000+00:00,1027
2019-05-20 14:00:10.980000+00:00,1028
2019-05-20 14:00:12.319000+00:00,1029
2019-05-20 14:00:14.480000+00:00,1030
2019-05-20 14:00:15.780000+00:00,1031
2019-05-20 14:00:16.891000+00:00,1032
2019-05-20 14:00:18.248000+00:00,1033
2019-05-20 14:00:23.176000+00:00,1034
2019-05-20 14:00:27.395000+00:00,1035
2019-05-20 14:00:29.719000+00:00,1036
2019-05-20 14:00:31.258000+00:00,1037
2019-05-20 14:00:36.010000+00:00,1038
2019-05-20 14:00:38.305000+00:00,1039
2019-05-20 14:00:40.038000+00:00,1040
2019-05-20 14:00:42.157000+00:00,1041
2019-05-20 14:00:44.051000+00:00,1042
2019-05-20 14:00:45.923000+00:00,1043
2019-05-20 14:00:47.502000+00:00,1044
2019-05-20 14:00:49.236000+00:00,1045
2019-05-20 14:00:51.663000+00:00,1046
2019-05-20 14:00:53.364000+00:00,1047
2019-05-20 14:00:56.529000+00:00,1048
2019-05-20 14:00:58.104000+00:00,1049
2019-05-20 14:00:59.879000+00:00,1050
2019-05-20 14:01:01.162000+00:00,1051
2019-05-20 14:01:04.894000+00:00,1052
2019-05-20 14:01:06.885000+00:00,1053
2019-05-20 14:01:08.544000+00:00,1054
2019-05-20 14:01:12.275000+00:00,1055
2019-05-20 14:01:17.330000+00:00,1056
2019-05-20 14:01:18.945000+00:00,1057
2019-05-20 14:01:21.442000+00:00,1058
2019-05-20 14:01:22.811000+00:00,1059
2019-05-20 14:01:25.029000+00:00,1060
2019-05-20 14:01:27.463000+00:00,1061
2019-05-20 14:01:28.624000+00:00,1062
2019-05-20 14:01:30.550000+00:00,1063
2019-05-20 14:01:35.494000+00:00,1064
2019-05-20 14:01:37.011000+00:00,1065
2019-05-20 14:01:38.293000+00:00,1066
2019-05-20 14:01:41.920000+00:00,1067
2019-05-20 14:01:43.146000+00:00,1068
2019-05-20 14:01:48.693000+00:00,1069
2019-05-20 14:01:52.664000+00:00,1070
2019-05-20 14:01:59.132000+00:00,1071
2019-05-20 14:02:02.728000+00:00,1072
2019-05-20 14:02:06.875000+00:00,1073
2019-05-20 14:02:11.195000+00:00,1074
2019-05-20 14:02:17.575000+00:00,1075
2019-05-20 14:02:19.886000+00:00,1076
2019-05-20 14:02:24.330000+00:00,1077
2019-05-20 14:02:31.286000+00:00,1078
2019-05-20 14:02:32.855000+00:00,1079
2019-05-20 14:02:37.944000+00:00,1080
2019-05-20 14:02:43.826000+00:00,1081
2019-05-20 14:02:45.501000+00:00,1082
2019-05-20 14:02:49.708000+00:00,1083
2019-05-20 14:02:52.242000+00:00,1084
2019-05-20 14:02:54.462000+00:00,1085
2019-05-20 14:02:57.145000+00:00,1086
2019-05-20 14:03:05.046000+00:00,1087
2019-05-20 14:03:06.695000+00:00,1088
2019-05-20 14:03:08.770000+00:00,1089
2019-05-20 14:03:12.474000+00:00,1090
2019-05-20 14:03:17.227000+00:00,1091
2019-05-20 14:03:20.351000+00:00,1092
2019-05-20 14:03:23.260000+00:00,1093
2019-05-20 14:03:24.428000+00:00,1094
2019-05-20 14:03:27.120000+00:00,1095
2019-05-20 14:03:33.145000+00:00,1096
2019-05-20 14:03:34.728000+00:00,1097
2019-05-20 14:03:36.361000+00:00,1098
2019-05-20 14:03:37.497000+00:00,1099
2019-05-20 14:03:38.947000+00:00,1100
2019-05-20 14:03:43.186000+00:00,1101
2019-05-20 14:03:47.217000+00:00,1102
2019-05-20 14:03:51.105000+00:00,1103
2019-05-20 14:03:54.621000+00:00,1104
2019-05-20 14:04:01.652000+00:00,1105
2019-05-20 14:04:06.914000+00:00,1106
2019-05-20 14:04:08.946000+00:00,1107
2019-05-20 14:04:11.182000+00:00,1108
2019-05-20 14:04:13.116000+00:00,1109
2019-05-20 14:04:15.115000+00:00,1110
2019-05-20 14:04:17.581000+00:00,1111
2019-05-20 14:04:20.603000+00:00,1112
2019-05-20 14:04:22.340000+00:00,1113
2019-05-20 14:04:29.137000+00:00,1114
2019-05-20 14:04:31.063000+00:00,1115
2019-05-20 14:04:37.373000+00:00,1116
2019-05-20 14:04:39.881000+00:00,1117
2019-05-20 14:04:41.824000+00:00,1118
2019-05-20 14:04:42.990000+00:00,1119
2019-05-20 14:04:47.206000+00:00,1120
2019-05-20 14:04:48.721000+00:00,1121
2019-05-20 14:04:51.745000+00:00,1122
2019-05-20 14:04:54.801000+00:00,1123
2019-05-20 14:04:57.082000+00:00,1124
2019-05-20 14:04:58.794000+00:00,1125
2019-05-20 14:05:03.720000+00:00,1126
2019-05-20 14:05:05.707000+00:00,1127
2019-05-20 14:05:11.336000+00:00,1128
2019-05-20 14:05:13.763000+00:00,1129
2019-05-20 14:05:17.153000+00:00,1130
2019-05-20 14:05:19.530000+00:00,1131
2019-05-20 14:05:21.890000+00:00,1132
2019-05-20 14:05:23.308000+00:00,1133
2019-05-20 14:05:26.237000+00:00,1134
2019-05-20 14:05:27.950000+00:00,1135
2019-05-20 14:05:29.916000+00:00,1136
2019-05-20 14:05:34.421000+00:00,1137
2019-05-20 14:05:36.059000+00:00,1138
2019-05-20 14:05:39.208000+00:00,1139
2019-05-20 14:05:40.649000+00:00,1140
2019-05-20 14:05:44.881000+00:00,1141
2019-05-20 14:05:46.460000+00:00,1142
2019-05-20 14:05:51.662000+00:00,1143
2019-05-20 14:05:53.720000+00:00,1144
2019-05-20 14:05:56.093000+00:00,1145
2019-05-20 14:05:57.372000+00:00,1146
2019-05-20 14:05:58.825000+00:00,1147
2019-05-20 14:05:59.995000+00:00,1148
2019-05-20 14:06:03.081000+00:00,1149
2019-05-20 14:06:04.191000+00:00,1150
2019-05-20 14:06:05.368000+00:00,1151
2019-05-20 14:06:07.362000+00:00,1152
2019-05-20 14:06:09.644000+00:00,1153
2019-05-20 14:06:12.508000+00:00,1154
2019-05-20 14:06:14.682000+00:00,1155
2019-05-20 14:06:16.102000+00:00,1156
2019-05-20 14:06:18.093000+00:00,1157
2019-05-20 14:06:20.032000+00:00,1158
2019-05-20 14:06:22.358000+00:00,1159
2019-05-20 14:06:28.266000+00:00,1160
2019-05-20 14:06:29.694000+00:00,1161
2019-05-20 14:06:31.052000+00:00,1162
2019-05-20 14:06:34.049000+00:00,1163
2019-05-20 14:06:37.401000+00:00,1164
2019-05-20 14:06:40.908000+00:00,1165
2019-05-20 14:06:50.738000+00:00,1166
2019-05-20 14:06:53.384000+00:00,1167
2019-05-20 14:06:58.498000+00:00,1168
2019-05-20 14:07:00.887000+00:00,1169
2019-05-20 14:07:03.234000+00:00,1170
2019-05-20 14:07:06.240000+00:00,1171
2019-05-20 14:07:09.213000+00:00,1172
2019-05-20 14:07:16.582000+00:00,1173
2019-05-20 14:07:18.175000+00:00,1174
2019-05-20 14:07:28.459000+00:00,1175
2019-05-20 14:07:31.592000+00:00,1176
2019-05-20 14:07:39.680000+00:00,1177
2019-05-20 14:07:42.497000+00:00,1178
2019-05-20 14:07:48.498000+00:00,1179
2019-05-20 14:07:50.905000+00:00,1180
2019-05-20 14:08:08.548000+00:00,1181
2019-05-20 14:08:21.729000+00:00,1182
2019-05-20 14:08:23.034000+00:00,1183
2019-05-20 14:08:29.709000+00:00,1184
2019-05-20 14:08:33.093000+00:00,1185
2019-05-20 14:08:36.902000+00:00,1186
2019-05-20 14:08:38.986000+00:00,1187
2019-05-20 14:08:41.725000+00:00,1188
2019-05-20 14:08:44.937000+00:00,1189
2019-05-20 14:08:49.333000+00:00,1190
2019-05-20 14:08:51.675000+00:00,1191
2019-05-20 14:08:57.242000+00:00,1192
2019-05-20 14:08:58.816000+00:00,1193
2019-05-20 14:09:03.293000+00:00,1194
2019-05-20 14:09:06.114000+00:00,1195
2019-05-20 14:09:09.913000+00:00,1196
2019-05-20 14:09:12.304000+00:00,1197
2019-05-20 14:09:23.314000+00:00,1198
2019-05-20 14:09:26.572000+00:00,1199
2019-05-20 14:09:33.227000+00:00,1200
2019-05-20 14:09:35.901000+00:00,1201
2019-05-20 14:09:41.704000+00:00,1202
2019-05-20 14:09:47.570000+00:00,1203
2019-05-20 14:09:50.868000+00:00,1204
2019-05-20 14:09:55.513000+00:00,1205
2019-05-20 14:09:56.655000+00:00,1206
2019-05-20 14:10:01.168000+00:00,1207
2019-05-20 14:10:06.662000+00:00,1208
2019-05-20 14:10:10.627000+00:00,1209
2019-05-20 14:10:13.803000+00:00,1210
2019-05-20 14:10:19.886000+00:00,1211
2019-05-20 14:10:21.767000+00:00,1212
2019-05-20 14:10:24.204000+00:00,1213
2019-05-20 14:10:28.379000+00:00,1214
2019-05-20 14:10:35.274000+00:00,1215
2019-05-20 14:10:38.454000+00:00,1216
2019-05-20 14:10:44.767000+00:00,1217
2019-05-20 14:10:54.870000+00:00,1218
2019-05-20 14:10:56.627000+00:00,1219
2019-05-20 14:10:57.758000+00:00,1220
2019-05-20 14:11:02.887000+00:00,1221
2019-05-20 14:11:08.546000+00:00,1222
2019-05-20 14:11:19.105000+00:00,1223
2019-05-20 14:11:26.501000+00:00,1224
2019-05-20 14:11:30.712000+00:00,1225
2019-05-20 14:11:32.266000+00:00,1226
2019-05-20 14:11:39.836000+00:00,1227
2019-05-20 14:11:41.604000+00:00,1228
2019-05-20 14:11:43.801000+00:00,1229
2019-05-20 14:11:46.715000+00:00,1230
2019-05-20 14:11:48.974000+00:00,1231
2019-05-20 14:11:52.669000+00:00,1232
2019-05-20 14:11:57.195000+00:00,1233
2019-05-20 14:12:05.768000+00:00,1234
2019-05-20 14:12:13.743000+00:00,1235
2019-05-20 14:12:16.268000+00:00,1236
2019-05-20 14:12:19.137000+00:00,1237
2019-05-20 14:12:21.449000+00:00,1238
2019-05-20 14:12:24.297000+00:00,1239
2019-05-20 14:12:25.706000+00:00,1240
2019-05-20 14:12:27.202000+00:00,1241
2019-05-20 14:12:28.418000+00:00,1242
2019-05-20 14:12:33.861000+00:00,1243
2019-05-20 14:12:40.577000+00:00,1244
2019-05-20 14:12:43.257000+00:00,1245
2019-05-20 14:12:46.042000+00:00,1246
2019-05-20 14:12:48.277000+00:00,1247
2019-05-20 14:12:56.576000+00:00,1248
2019-05-20 14:13:02.865000+00:00,1249
2019-05-20 14:13:05.028000+00:00,1250
2019-05-20 14:13:09.006000+00:00,1251
2019-05-20 14:13:10.404000+00:00,1252
2019-05-20 14:13:11.607000+00:00,1253
2019-05-20 14:13:13.546000+00:00,1254
2019-05-20 14:13:15.098000+00:00,1255
2019-05-20 14:13:19.045000+00:00,1256
2019-05-20 14:13:20.497000+00:00,1257
2019-05-20 14:13:23.294000+00:00,1258
2019-05-20 14:13:28.895000+00:00,1259
2019-05-20 14:13:31.415000+00:00,1260
2019-05-20 14:13:35.696000+00:00,1261
2019-05-20 14:13:39.247000+00:00,1262
2019-05-20 14:13:40.510000+00:00,1263
2019-05-20 14:13:42.217000+00:00,1264
2019-05-20 14:13:50.273000+00:00,1265
2019-05-20 14:13:57.048000+00:00,1266
2019-05-20 14:13:59.702000+00:00,1267
2019-05-20 14:14:01.253000+00:00,1268
2019-05-20 14:14:04.249000+00:00,1269
2019-05-20 14:14:07.543000+00:00,1270
2019-05-20 14:14:11.228000+00:00,1271
2019-05-20 14:14:12.486000+00:00,1272
2019-05-20 14:14:13.982000+00:00,1273
2019-05-20 14:14:17.381000+00:00,1274
2019-05-20 14:14:19.463000+00:00,1275
2019-05-20 14:14:21.475000+00:00,1276
2019-05-20 14:14:22.663000+00:00,1277
2019-05-20 14:14:24.325000+00:00,1278
2019-05-20 14:14:33.892000+00:00,1279
2019-05-20 14:14:36.022000+00:00,1280
2019-05-20 14:14:37.681000+00:00,1281
2019-05-20 14:14:45.363000+00:00,1282
2019-05-20 14:14:56.083000+00:00,1283
2019-05-20 14:14:58.552000+00:00,1284
2019-05-20 14:15:00.109000+00:00,1285
2019-05-20 14:15:01.810000+00:00,1286
2019-05-20 14:15:03.079000+00:00,1287
2019-05-20 14:15:05.008000+00:00,1288
2019-05-20 14:15:07.150000+00:00,1289
2019-05-20 14:15:09.357000+00:00,1290
2019-05-20 14:15:11.897000+00:00,1291
2019-05-20 14:15:15.930000+00:00,1292
2019-05-20 14:15:17.435000+00:00,1293
2019-05-20 14:15:18.754000+00:00,1294
2019-05-20 14:15:22.403000+00:00,1295
2019-05-20 14:15:24.272000+00:00,1296
2019-05-20 14:15:27.279000+00:00,1297
2019-05-20 14:15:30.569000+00:00,1298
2019-05-20 14:15:41.859000+00:00,1299
2019-05-20 14:15:45.778000+00:00,1300
2019-05-20 14:15:50.965000+00:00,1301
2019-05-20 14:15:54.767000+00:00,1302
2019-05-20 14:15:56.351000+00:00,1303
2019-05-20 14:15:59.062000+00:00,1304
2019-05-20 14:16:01.340000+00:00,1305
2019-05-20 14:16:08.203000+00:00,1306
2019-05-20 14:16:09.407000+00:00,1307
2019-05-20 14:16:10.554000+00:00,1308
2019-05-20 14:16:12.817000+00:00,1309
2019-05-20 14:16:15.993000+00:00,1310
2019-05-20 14:16:18.209000+00:00,1311
2019-05-20 14:16:21.395000+00:00,1312
2019-05-20 14:16:22.965000+00:00,1313
2019-05-20 14:16:25.492000+00:00,1314
2019-05-20 14:16:27.311000+00:00,1315
2019-05-20 14:16:28.537000+00:00,1316
2019-05-20 14:16:29.960000+00:00,1317
2019-05-20 14:16:31.934000+00:00,1318
2019-05-20 14:16:36.385000+00:00,1319
2019-05-20 14:16:38.811000+00:00,1320
2019-05-20 14:16:45.233000+00:00,1321
2019-05-20 14:17:01.178000+00:00,1322
2019-05-20 14:17:06.818000+00:00,1323
2019-05-20 14:17:19.304000+00:00,1324
2019-05-20 14:17:26.435000+00:00,1325
2019-05-20 14:17:52.455000+00:00,1326
2019-05-20 14:18:18.046000+00:00,1327
2019-05-20 14:18:23.407000+00:00,1328
2019-05-20 14:18:34.189000+00:00,1329
2019-05-20 14:18:57.256000+00:00,1330
2019-05-20 14:19:01.685000+00:00,1331
2019-05-20 14:19:05.727000+00:00,1332
2019-05-20 14:19:16.492000+00:00,1333
2019-05-20 14:19:26.448000+00:00,1334
2019-05-20 14:19:31.191000+00:00,1335
2019-05-20 14:19:33.520000+00:00,1336
2019-05-20 14:19:35.915000+00:00,1337
2019-05-20 14:19:50.723000+00:00,1338
2019-05-20 14:19:54.696000+00:00,1339
2019-05-20 14:20:12.678000+00:00,1340
2019-05-20 14:20:49.641000+00:00,1341
2019-05-20 14:20:54.676000+00:00,1342
2019-05-20 14:21:07.535000+00:00,1343
2019-05-20 14:22:16.666000+00:00,1344
2019-05-20 14:25:09.231000+00:00,1345
2019-05-20 14:25:30.813000+00:00,1346
2019-05-20 14:26:34.898000+00:00,1347
2019-05-20 14:27:13.543000+00:00,1348
2019-05-20 14:28:16.963000+00:00,1349
2019-05-20 14:28:18.624000+00:00,1350
2019-05-20 14:28:19.806000+00:00,1351
2019-05-20 14:28:21.835000+00:00,1352
2019-05-20 14:28:26.173000+00:00,1353
2019-05-20 14:28:47.140000+00:00,1354
2019-05-20 14:29:16.579000+00:00,1355
2019-05-20 14:29:45.073000+00:00,1356
2019-05-20 14:33:17.144000+00:00,1357
2019-05-20 14:37:16.791000+00:00,1358
2019-05-20 14:39:34.819000+00:00,1359
2019-05-20 14:42:07.202000+00:00,1360
2019-05-20 14:48:16.422000+00:00,1361
2019-05-20 14:53:57.856000+00:00,1362
2019-05-20 14:55:12.522000+00:00,1363
2019-05-20 14:57:02.893000+00:00,1364
2019-05-20 15:08:31.312000+00:00,1365
2019-05-20 15:13:28.108000+00:00,1366
2019-05-20 15:41:19.106000+00:00,1367
2019-05-20 15:42:27.182000+00:00,1368
2019-05-20 16:09:48.354000+00:00,1369
2019-05-20 16:27:22.468000+00:00,1370
2019-05-20 16:36:32.858000+00:00,1371
2019-05-20 17:22:19.087000+00:00,1372
2019-05-20 17:22:56.318000+00:00,1373
2019-05-20 17:25:28.455000+00:00,1374
2019-05-20 17:26:53.605000+00:00,1375
2019-05-20 17:28:07.743000+00:00,1376
2019-05-20 17:28:39.220000+00:00,1377
2019-05-20 17:29:51.578000+00:00,1378
2019-05-20 17:31:44.356000+00:00,1379
2019-05-20 17:35:37.856000+00:00,1380
2019-05-20 17:36:57.472000+00:00,1381
2019-05-20 17:43:06.560000+00:00,1382
2019-05-20 17:51:02.809000+00:00,1383
2019-05-20 18:02:36.194000+00:00,1384
2019-05-20 18:12:33.052000+00:00,1385
2019-05-20 18:23:15.075000+00:00,1386
2019-05-20 18:51:19.726000+00:00,1387
2019-05-20 18:58:07.096000+00:00,1388
2019-05-20 19:30:57.260000+00:00,1389
2019-05-20 19:51:37.820000+00:00,1390
2019-05-20 21:18:18.054000+00:00,1391
2019-05-20 23:19:16.826000+00:00,1392
2019-05-21 01:19:18.867999+00:00,1393
2019-05-22 16:53:36.263999+00:00,1394
2019-05-22 17:00:32.047999+00:00,1395
2019-05-23 02:52:23.865000+00:00,1396
2019-05-26 03:23:47.912000+00:00,1397
2019-05-29 13:42:06.612000+00:00,1398
2019-05-29 13:42:19.232000+00:00,1399
2019-05-29 20:03:04.791000+00:00,1400
2019-06-03 08:35:34.948000+00:00,1401
2019-06-03 09:52:20.089000+00:00,1402
2019-06-03 11:22:32.200000+00:00,1403
2019-06-03 22:14:40.017000+00:00,1404
2019-06-05 08:00:15.426000+00:00,1405
2019-06-05 23:18:50.907000+00:00,1406
2019-06-07 11:27:31.085000+00:00,1407
2019-06-08 02:19:49.086000+00:00,1408
2019-06-08 03:28:30.891000+00:00,1409
2019-06-08 20:43:16.918000+00:00,1410
2019-06-17 12:59:21.403000+00:00,1411
2019-06-17 14:11:51.730000+00:00,1412
2019-06-20 15:48:40.691000+00:00,1413
2019-06-22 16:55:31.839000+00:00,1414
2019-06-22 19:02:34.051000+00:00,1415
2019-06-23 15:50:09.290000+00:00,1416
2019-06-26 23:06:13.365000+00:00,1417
2019-07-08 09:34:13.108000+00:00,1418
2019-07-11 09:29:58.394000+00:00,1419
2019-07-11 12:20:22.259000+00:00,1420
2019-07-12 07:46:42.843001+00:00,1421
2019-07-12 15:55:37.857001+00:00,1422
2019-07-13 05:23:24.879000+00:00,1423
2019-07-14 01:25:27.438000+00:00,1424
2019-07-14 09:52:50.645000+00:00,1425
2019-07-14 10:11:07.845000+00:00,1426
2019-07-16 08:33:26.392999+00:00,1427
2019-07-18 06:37:58.102000+00:00,1428
2019-07-18 06:55:31.458000+00:00,1429
2019-07-20 09:03:38.042000+00:00,1430
2019-07-20 09:04:24.989000+00:00,1431
2019-07-20 09:23:47.173000+00:00,1432
2019-07-21 08:00:14.954000+00:00,1433
2019-07-22 07:31:40.052000+00:00,1434
2019-07-23 09:09:54.923999+00:00,1435
2019-07-24 16:45:31.473000+00:00,1436
2019-07-24 20:29:25.318000+00:00,1437
2019-07-25 08:22:41.037000+00:00,1438
2019-07-25 10:44:47.880000+00:00,1439
2019-07-26 10:50:37.722000+00:00,1440
2019-07-27 11:09:19.340001+00:00,1441
2019-07-27 11:48:20.835001+00:00,1442
2019-07-27 12:16:10.461001+00:00,1443
2019-07-27 12:36:02.900001+00:00,1444
2019-07-28 05:50:00.790000+00:00,1445
2019-07-29 08:47:08.561000+00:00,1446
2019-07-30 21:05:54.814001+00:00,1447
2019-08-01 08:11:32.279999+00:00,1448
2019-08-04 04:53:04.474000+00:00,1449
2019-08-07 02:32:52.384000+00:00,1450
2019-08-09 11:46:55.187000+00:00,1451
2019-08-09 11:46:57.691000+00:00,1452
2019-08-09 11:46:59.902000+00:00,1453
2019-08-09 11:47:01.293000+00:00,1454
2019-08-09 11:47:02.656000+00:00,1455
2019-08-09 11:47:03.831000+00:00,1456
2019-08-09 11:47:06.911000+00:00,1457
2019-08-09 11:47:12.505000+00:00,1458
2019-08-09 11:47:16.686000+00:00,1459
2019-08-09 11:47:20.884000+00:00,1460
2019-08-09 11:47:33.922000+00:00,1461
2019-08-09 11:47:56.299000+00:00,1462
2019-08-09 11:48:12.652000+00:00,1463
2019-08-09 11:48:15.604000+00:00,1464
2019-08-09 11:48:18.201000+00:00,1465
2019-08-09 11:48:20.983000+00:00,1466
2019-08-09 11:48:23.860000+00:00,1467
2019-08-09 11:48:26.942000+00:00,1468
2019-08-09 11:48:30.682000+00:00,1469
2019-08-09 11:48:34.665000+00:00,1470
2019-08-09 11:48:38.479000+00:00,1471
2019-08-09 11:48:41.974000+00:00,1472
2019-08-09 11:48:45.406000+00:00,1473
2019-08-09 11:48:49.126000+00:00,1474
2019-08-09 11:48:53.677000+00:00,1475
2019-08-09 11:48:57.819000+00:00,1476
2019-08-09 11:49:01.572000+00:00,1477
2019-08-09 11:49:05.784000+00:00,1478
2019-08-09 11:49:09.853000+00:00,1479
2019-08-09 11:49:14.093000+00:00,1480
2019-08-09 11:49:18.833000+00:00,1481
2019-08-09 11:49:23.759000+00:00,1482
2019-08-09 11:49:29.192000+00:00,1483
2019-08-09 11:49:35.039000+00:00,1484
2019-08-09 11:49:40.599000+00:00,1485
2019-08-09 11:49:47.288000+00:00,1486
2019-08-09 11:49:52.604000+00:00,1487
2019-08-09 11:49:59.092000+00:00,1488
2019-08-09 11:50:05.621000+00:00,1489
2019-08-09 11:50:13.036000+00:00,1490
2019-08-09 11:50:18.439000+00:00,1491
2019-08-09 11:50:22.380000+00:00,1492
2019-08-09 11:50:26.700000+00:00,1493
2019-08-09 11:50:32.365000+00:00,1494
2019-08-09 11:50:37.156000+00:00,1495
2019-08-09 11:50:43.515000+00:00,1496
2019-08-09 11:50:51.304000+00:00,1497
2019-08-09 11:50:57.030000+00:00,1498
2019-08-09 11:51:05.412000+00:00,1499
2019-08-09 11:51:16.260000+00:00,1500
2019-08-09 11:51:26.070000+00:00,1501
2019-08-09 11:51:40.193000+00:00,1502
2019-08-09 11:51:54.381000+00:00,1503
2019-08-09 11:52:09.575000+00:00,1504
2019-08-09 11:52:25.723000+00:00,1505
2019-08-09 11:52:43.130000+00:00,1506
2019-08-09 11:52:59.598000+00:00,1507
2019-08-09 11:53:24.195000+00:00,1508
2019-08-09 11:53:50.396000+00:00,1509
2019-08-09 11:54:09.238000+00:00,1510
2019-08-09 11:54:35.187000+00:00,1511
2019-08-09 11:54:51.466000+00:00,1512
2019-08-09 11:55:03.144000+00:00,1513
2019-08-09 11:55:18.337000+00:00,1514
2019-08-09 11:55:33.519000+00:00,1515
2019-08-09 11:55:54.709000+00:00,1516
2019-08-09 11:56:14.878000+00:00,1517
2019-08-09 11:56:31.276000+00:00,1518
2019-08-09 11:56:45.979000+00:00,1519
2019-08-09 11:56:56.233000+00:00,1520
2019-08-09 11:57:09.962000+00:00,1521
2019-08-09 11:57:40.479000+00:00,1522
2019-08-09 11:57:50.723000+00:00,1523
2019-08-09 11:58:54.777000+00:00,1524
2019-08-09 11:59:22.210000+00:00,1525
2019-08-09 11:59:25.283000+00:00,1526
2019-08-09 11:59:28.306000+00:00,1527
2019-08-09 11:59:32.713000+00:00,1528
2019-08-09 11:59:38.321000+00:00,1529
2019-08-09 11:59:45.066000+00:00,1530
2019-08-09 11:59:53.831000+00:00,1531
2019-08-09 12:00:05.657000+00:00,1532
2019-08-09 13:07:07.875000+00:00,1533
2019-08-09 13:07:09.522000+00:00,1534
2019-08-09 13:07:15.425000+00:00,1535
2019-08-09 13:07:19.646000+00:00,1536
2019-08-09 13:07:24.863000+00:00,1537
2019-08-09 13:07:26.763000+00:00,1538
2019-08-09 13:07:30.262000+00:00,1539
2019-08-09 13:07:33.292000+00:00,1540
2019-08-09 13:07:36.810000+00:00,1541
2019-08-09 13:07:40.485000+00:00,1542
2019-08-09 13:07:44.345000+00:00,1543
2019-08-09 13:07:46.905000+00:00,1544
2019-08-09 13:07:49.181000+00:00,1545
2019-08-09 13:07:50.761000+00:00,1546
2019-08-09 13:07:52.361000+00:00,1547
2019-08-09 13:07:54.026000+00:00,1548
2019-08-09 13:07:55.806000+00:00,1549
2019-08-09 13:07:57.826000+00:00,1550
2019-08-09 13:08:00.028000+00:00,1551
2019-08-09 13:08:02.517000+00:00,1552
2019-08-09 13:08:04.715000+00:00,1553
2019-08-09 13:08:06.564000+00:00,1554
2019-08-09 13:08:09.212000+00:00,1555
2019-08-09 13:08:12.122000+00:00,1556
2019-08-09 13:08:16.125000+00:00,1557
2019-08-09 13:08:20.631000+00:00,1558
2019-08-09 13:08:25.715000+00:00,1559
2019-08-09 13:08:30.627000+00:00,1560
2019-08-09 13:08:34.992000+00:00,1561
2019-08-09 13:08:40.456000+00:00,1562
2019-08-09 13:08:44.430000+00:00,1563
2019-08-09 13:08:47.630000+00:00,1564
2019-08-09 13:08:50.678000+00:00,1565
2019-08-09 13:08:53.996000+00:00,1566
2019-08-09 13:08:58.910000+00:00,1567
2019-08-09 13:09:02.156000+00:00,1568
2019-08-09 13:09:05.407000+00:00,1569
2019-08-09 13:09:07.614000+00:00,1570
2019-08-09 13:09:09.649000+00:00,1571
2019-08-09 13:09:12.131000+00:00,1572
2019-08-09 13:09:14.396000+00:00,1573
2019-08-09 13:09:16.742000+00:00,1574
2019-08-09 13:09:19.159000+00:00,1575
2019-08-09 13:09:21.377000+00:00,1576
2019-08-09 13:09:23.505000+00:00,1577
2019-08-09 13:09:25.454000+00:00,1578
2019-08-09 13:09:27.586000+00:00,1579
2019-08-09 13:09:29.661000+00:00,1580
2019-08-09 13:09:31.708000+00:00,1581
2019-08-09 13:09:33.828000+00:00,1582
2019-08-09 13:09:35.970000+00:00,1583
2019-08-09 13:09:38.216000+00:00,1584
2019-08-09 13:09:40.315000+00:00,1585
2019-08-09 13:09:42.339000+00:00,1586
2019-08-09 13:09:44.571000+00:00,1587
2019-08-09 13:09:46.807000+00:00,1588
2019-08-09 13:09:49.370000+00:00,1589
2019-08-09 13:09:52.244000+00:00,1590
2019-08-09 13:09:55.113000+00:00,1591
2019-08-09 13:09:57.293000+00:00,1592
2019-08-09 13:09:59.284000+00:00,1593
2019-08-09 13:10:01.630000+00:00,1594
2019-08-09 13:10:04.234000+00:00,1595
2019-08-09 13:10:06.856000+00:00,1596
2019-08-09 13:10:09.649000+00:00,1597
2019-08-09 13:10:12.812000+00:00,1598
2019-08-09 13:10:15.775000+00:00,1599
2019-08-09 13:10:18.337000+00:00,1600
2019-08-09 13:10:20.943000+00:00,1601
2019-08-09 13:10:23.484000+00:00,1602
2019-08-09 13:10:26.616000+00:00,1603
2019-08-09 13:10:29.662000+00:00,1604
2019-08-09 13:10:33.276000+00:00,1605
2019-08-09 13:10:37.806000+00:00,1606
2019-08-09 13:10:40.971000+00:00,1607
2019-08-09 13:10:43.873000+00:00,1608
2019-08-09 13:10:46.992000+00:00,1609
2019-08-09 13:10:50.625000+00:00,1610
2019-08-09 13:10:54.366000+00:00,1611
2019-08-09 13:10:57.823000+00:00,1612
2019-08-09 13:11:00.716000+00:00,1613
2019-08-09 13:11:03.843000+00:00,1614
2019-08-09 13:11:07.267000+00:00,1615
2019-08-09 13:11:10.836000+00:00,1616
2019-08-09 13:11:15.407000+00:00,1617
2019-08-09 13:11:17.615000+00:00,1618
2019-08-09 13:11:19.619000+00:00,1619
2019-08-09 13:11:21.706000+00:00,1620
2019-08-09 13:11:23.846000+00:00,1621
2019-08-09 13:11:26.836000+00:00,1622
2019-08-09 13:11:31.018000+00:00,1623
2019-08-09 13:11:40.033000+00:00,1624
2019-08-09 13:11:48.946000+00:00,1625
2019-08-09 13:11:55.988000+00:00,1626
2019-08-09 13:12:09.375000+00:00,1627
2019-08-09 13:12:33.215000+00:00,1628
2019-08-09 13:12:39.900000+00:00,1629
2019-08-09 13:12:45.100000+00:00,1630
2019-08-09 13:12:59.308000+00:00,1631
2019-08-09 13:13:16.335000+00:00,1632
2019-08-09 13:13:42.584000+00:00,1633
2019-08-09 13:14:06.830000+00:00,1634
2019-08-09 13:14:42.400000+00:00,1635
2019-08-09 13:15:15.485000+00:00,1636
2019-08-09 13:16:09.121000+00:00,1637
2019-08-09 13:16:38.304000+00:00,1638
2019-08-09 13:16:48.149000+00:00,1639
2019-08-09 13:16:58.051000+00:00,1640
2019-08-09 13:17:07.072000+00:00,1641
2019-08-09 13:17:16.182000+00:00,1642
2019-08-09 13:17:21.767000+00:00,1643
2019-08-09 13:17:28.116000+00:00,1644
2019-08-09 13:17:36.249000+00:00,1645
2019-08-09 13:17:43.125000+00:00,1646
2019-08-09 13:17:51.199000+00:00,1647
2019-08-09 13:17:55.866000+00:00,1648
2019-08-09 13:17:59.957000+00:00,1649
2019-08-09 13:18:05.461000+00:00,1650
2019-08-09 13:18:13.642000+00:00,1651
2019-08-09 13:18:26.090000+00:00,1652
2019-08-09 13:18:30.735000+00:00,1653
2019-08-09 13:18:33.873000+00:00,1654
2019-08-09 13:18:35.902000+00:00,1655
2019-08-09 13:18:37.071000+00:00,1656
2019-08-09 13:18:39.007000+00:00,1657
2019-08-09 13:18:41.738000+00:00,1658
2019-08-09 13:18:43.462000+00:00,1659
2019-08-09 13:18:45.516000+00:00,1660
2019-08-09 13:18:47.089000+00:00,1661
2019-08-09 13:18:48.463000+00:00,1662
2019-08-09 13:18:50.340000+00:00,1663
2019-08-09 13:18:51.848000+00:00,1664
2019-08-09 13:18:52.987000+00:00,1665
2019-08-09 13:18:54.245000+00:00,1666
2019-08-09 13:18:55.460000+00:00,1667
2019-08-09 13:18:57.005000+00:00,1668
2019-08-09 13:18:58.139000+00:00,1669
2019-08-09 13:19:00.007000+00:00,1670
2019-08-09 13:19:01.387000+00:00,1671
2019-08-09 13:19:03.402000+00:00,1672
2019-08-09 13:19:04.551000+00:00,1673
2019-08-09 13:19:05.754000+00:00,1674
2019-08-09 13:19:06.994000+00:00,1675
2019-08-09 13:19:08.305000+00:00,1676
2019-08-09 13:19:09.580000+00:00,1677
2019-08-09 13:19:11.318000+00:00,1678
2019-08-09 13:19:12.700000+00:00,1679
2019-08-09 13:19:13.867000+00:00,1680
2019-08-09 13:19:15.849000+00:00,1681
2019-08-09 13:19:17.016000+00:00,1682
2019-08-09 13:19:19.042000+00:00,1683
2019-08-09 13:19:20.687000+00:00,1684
2019-08-09 13:19:21.815000+00:00,1685
2019-08-09 13:19:22.996000+00:00,1686
2019-08-09 13:19:24.565000+00:00,1687
2019-08-09 13:19:26.194000+00:00,1688
2019-08-09 13:19:28.346000+00:00,1689
2019-08-09 13:19:29.727000+00:00,1690
2019-08-09 13:19:31.496000+00:00,1691
2019-08-09 13:19:44.517000+00:00,1692
2019-08-09 13:19:48.722000+00:00,1693
2019-08-09 13:19:51.468000+00:00,1694
2019-08-09 13:19:53.218000+00:00,1695
2019-08-09 13:19:55.247000+00:00,1696
2019-08-09 13:19:57.129000+00:00,1697
2019-08-09 13:19:58.993000+00:00,1698
2019-08-09 13:20:00.393000+00:00,1699
2019-08-09 13:20:01.671000+00:00,1700
2019-08-09 13:20:02.978000+00:00,1701
2019-08-09 13:20:04.355000+00:00,1702
2019-08-09 13:20:05.556000+00:00,1703
2019-08-09 13:20:07.210000+00:00,1704
2019-08-09 13:20:08.822000+00:00,1705
2019-08-09 13:20:10.652000+00:00,1706
2019-08-09 13:20:12.476000+00:00,1707
2019-08-09 13:20:13.943000+00:00,1708
2019-08-09 13:20:15.353000+00:00,1709
2019-08-09 13:20:17.265000+00:00,1710
2019-08-09 13:20:18.848000+00:00,1711
2019-08-09 13:20:20.655000+00:00,1712
2019-08-09 13:20:22.444000+00:00,1713
2019-08-09 13:20:24.775000+00:00,1714
2019-08-09 13:20:26.860000+00:00,1715
2019-08-09 13:20:29.159000+00:00,1716
2019-08-09 13:20:30.906000+00:00,1717
2019-08-09 13:20:32.409000+00:00,1718
2019-08-09 13:20:33.736000+00:00,1719
2019-08-09 13:20:34.950000+00:00,1720
2019-08-09 13:20:36.510000+00:00,1721
2019-08-09 13:20:38.036000+00:00,1722
2019-08-09 13:20:39.934000+00:00,1723
2019-08-09 13:20:41.275000+00:00,1724
2019-08-09 13:20:42.910000+00:00,1725
2019-08-09 13:20:45.622000+00:00,1726
2019-08-09 13:20:48.018000+00:00,1727
2019-08-09 13:20:50.131000+00:00,1728
2019-08-09 13:20:51.679000+00:00,1729
2019-08-09 13:20:53.351000+00:00,1730
2019-08-09 13:20:54.857000+00:00,1731
2019-08-09 13:20:55.995000+00:00,1732
2019-08-09 13:20:57.402000+00:00,1733
2019-08-09 13:20:59.329000+00:00,1734
2019-08-09 13:21:00.542000+00:00,1735
2019-08-09 13:21:01.923000+00:00,1736
2019-08-09 13:21:03.844000+00:00,1737
2019-08-09 13:21:05.024000+00:00,1738
2019-08-09 13:21:06.895000+00:00,1739
2019-08-09 13:21:09.102000+00:00,1740
2019-08-09 13:21:10.435000+00:00,1741
2019-08-09 13:21:12.229000+00:00,1742
2019-08-09 13:21:13.635000+00:00,1743
2019-08-09 13:21:14.865000+00:00,1744
2019-08-09 13:21:16.730000+00:00,1745
2019-08-09 13:21:17.954000+00:00,1746
2019-08-09 13:21:19.417000+00:00,1747
2019-08-09 13:21:21.718000+00:00,1748
2019-08-09 13:21:23.127000+00:00,1749
2019-08-09 13:21:25.037000+00:00,1750
2019-08-09 13:21:26.970000+00:00,1751
2019-08-09 13:21:28.703000+00:00,1752
2019-08-09 13:21:30.475000+00:00,1753
2019-08-09 13:21:32.308000+00:00,1754
2019-08-09 13:21:34.175000+00:00,1755
2019-08-09 13:21:37.151000+00:00,1756
2019-08-09 13:21:38.752000+00:00,1757
2019-08-09 13:21:40.390000+00:00,1758
2019-08-09 13:21:41.993000+00:00,1759
2019-08-09 13:21:43.582000+00:00,1760
2019-08-09 13:21:45.281000+00:00,1761
2019-08-09 13:21:47.873000+00:00,1762
2019-08-09 13:21:49.325000+00:00,1763
2019-08-09 13:21:51.576000+00:00,1764
2019-08-09 13:21:52.860000+00:00,1765
2019-08-09 13:21:54.446000+00:00,1766
2019-08-09 13:21:56.317000+00:00,1767
2019-08-09 13:21:57.604000+00:00,1768
2019-08-09 13:21:59.631000+00:00,1769
2019-08-09 13:22:01.288000+00:00,1770
2019-08-09 13:22:02.969000+00:00,1771
2019-08-09 13:22:04.627000+00:00,1772
2019-08-09 13:22:06.416000+00:00,1773
2019-08-09 13:22:07.805000+00:00,1774
2019-08-09 13:22:09.073000+00:00,1775
2019-08-09 13:22:11.179000+00:00,1776
2019-08-09 13:22:12.867000+00:00,1777
2019-08-09 13:22:14.398000+00:00,1778
2019-08-09 13:22:15.803000+00:00,1779
2019-08-09 13:22:17.219000+00:00,1780
2019-08-09 13:22:18.785000+00:00,1781
2019-08-09 13:22:20.450000+00:00,1782
2019-08-09 13:22:23.005000+00:00,1783
2019-08-09 13:22:25.727000+00:00,1784
2019-08-09 13:22:27.049000+00:00,1785
2019-08-09 13:22:28.197000+00:00,1786
2019-08-09 13:22:30.147000+00:00,1787
2019-08-09 13:22:31.726000+00:00,1788
2019-08-09 13:22:34.159000+00:00,1789
2019-08-09 13:22:36.012000+00:00,1790
2019-08-09 13:22:38.557000+00:00,1791
2019-08-09 13:22:41.454000+00:00,1792
2019-08-09 13:22:44.074000+00:00,1793
2019-08-09 13:22:46.639000+00:00,1794
2019-08-09 13:22:49.172000+00:00,1795
2019-08-09 13:22:50.646000+00:00,1796
2019-08-09 13:22:52.997000+00:00,1797
2019-08-09 13:22:55.598000+00:00,1798
2019-08-09 13:22:57.216000+00:00,1799
2019-08-09 13:22:58.522000+00:00,1800
2019-08-09 13:23:00.011000+00:00,1801
2019-08-09 13:23:01.580000+00:00,1802
2019-08-09 13:23:03.018000+00:00,1803
2019-08-09 13:23:05.123000+00:00,1804
2019-08-09 13:23:07.324000+00:00,1805
2019-08-09 13:23:09.907000+00:00,1806
2019-08-09 13:23:11.967000+00:00,1807
2019-08-09 13:23:14.221000+00:00,1808
2019-08-09 13:23:15.393000+00:00,1809
2019-08-09 13:23:16.644000+00:00,1810
2019-08-09 13:23:18+00:00,1811
2019-08-09 13:23:19.439000+00:00,1812
2019-08-09 13:23:20.963000+00:00,1813
2019-08-09 13:23:22.104000+00:00,1814
2019-08-09 13:23:23.273000+00:00,1815
2019-08-09 13:23:24.604000+00:00,1816
2019-08-09 13:23:25.985000+00:00,1817
2019-08-09 13:23:27.373000+00:00,1818
2019-08-09 13:23:29.008000+00:00,1819
2019-08-09 13:23:30.618000+00:00,1820
2019-08-09 13:23:32.105000+00:00,1821
2019-08-09 13:23:33.456000+00:00,1822
2019-08-09 13:23:34.953000+00:00,1823
2019-08-09 13:23:36.594000+00:00,1824
2019-08-09 13:23:38.335000+00:00,1825
2019-08-09 13:23:40.106000+00:00,1826
2019-08-09 13:23:41.885000+00:00,1827
2019-08-09 13:23:43.618000+00:00,1828
2019-08-09 13:23:45.451000+00:00,1829
2019-08-09 13:23:47.438000+00:00,1830
2019-08-09 13:23:49.592000+00:00,1831
2019-08-09 13:23:51.815000+00:00,1832
2019-08-09 13:23:54.126000+00:00,1833
2019-08-09 13:23:55.992000+00:00,1834
2019-08-09 13:23:57.990000+00:00,1835
2019-08-09 13:24:00.202000+00:00,1836
2019-08-09 13:24:02.782000+00:00,1837
2019-08-09 13:24:04.798000+00:00,1838
2019-08-09 13:24:06.161000+00:00,1839
2019-08-09 13:24:07.649000+00:00,1840
2019-08-09 13:24:08.917000+00:00,1841
2019-08-09 13:24:11.193000+00:00,1842
2019-08-09 13:24:13.341000+00:00,1843
2019-08-09 13:24:14.510000+00:00,1844
2019-08-09 13:24:15.687000+00:00,1845
2019-08-09 13:24:18.040000+00:00,1846
2019-08-09 13:24:19.176000+00:00,1847
2019-08-09 13:24:20.309000+00:00,1848
2019-08-09 13:24:21.427000+00:00,1849
2019-08-09 13:24:22.767000+00:00,1850
2019-08-09 13:24:24.216000+00:00,1851
2019-08-09 13:24:25.774000+00:00,1852
2019-08-09 13:24:27.439000+00:00,1853
2019-08-09 13:24:29.026000+00:00,1854
2019-08-09 13:24:30.895000+00:00,1855
2019-08-09 13:24:32.649000+00:00,1856
2019-08-09 13:24:34.382000+00:00,1857
2019-08-09 13:24:36.184000+00:00,1858
2019-08-09 13:24:38.252000+00:00,1859
2019-08-09 13:24:40.930000+00:00,1860
2019-08-09 13:24:44.622000+00:00,1861
2019-08-09 13:24:49.749000+00:00,1862
2019-08-09 13:24:54.254000+00:00,1863
2019-08-09 13:24:57.819000+00:00,1864
2019-08-09 13:25:00.661000+00:00,1865
2019-08-09 13:25:03.055000+00:00,1866
2019-08-09 13:25:05.397000+00:00,1867
2019-08-09 13:25:07.871000+00:00,1868
2019-08-09 13:25:10.658000+00:00,1869
2019-08-09 13:25:13.173000+00:00,1870
2019-08-09 13:25:15.979000+00:00,1871
2019-08-09 13:25:19.080000+00:00,1872
2019-08-09 13:25:22.244000+00:00,1873
2019-08-09 13:25:25.911000+00:00,1874
2019-08-09 13:25:30.759000+00:00,1875
2019-08-09 13:25:38.041000+00:00,1876
2019-08-09 13:25:51.833000+00:00,1877
2019-08-09 13:26:26.819000+00:00,1878
2019-08-09 13:27:03.279000+00:00,1879
2019-08-09 13:27:20.427000+00:00,1880
2019-08-09 13:27:30.199000+00:00,1881
2019-08-09 13:27:44.286000+00:00,1882
2019-08-09 13:27:51.702000+00:00,1883
2019-08-09 13:28:03.209000+00:00,1884
2019-08-09 13:28:29.841000+00:00,1885
2019-08-09 13:29:05.371000+00:00,1886
2019-08-09 13:30:10.912000+00:00,1887
2019-08-10 04:21:20.154000+00:00,1888
2019-08-29 06:20:58.243001+00:00,1889
2019-08-31 09:11:33.165999+00:00,1890
2019-09-02 01:03:09.951000+00:00,1891
2019-09-06 19:47:13.628999+00:00,1892
2019-09-07 11:36:31.298000+00:00,1893
2019-09-21 07:45:44.882000+00:00,1894
2019-09-23 04:53:22.208000+00:00,1895
2019-09-29 11:16:36.688000+00:00,1896
2019-09-29 11:17:22.964000+00:00,1897
2019-09-29 11:17:24.612000+00:00,1898
2019-09-29 11:17:30.185000+00:00,1899
2019-09-29 11:17:31.411000+00:00,1900
2019-09-29 11:17:51.011000+00:00,1901
2019-09-29 11:17:54.414000+00:00,1902
2019-09-29 11:17:55.691000+00:00,1903
2019-09-29 11:17:57.012000+00:00,1904
2019-09-29 11:18:25.912000+00:00,1905
2019-09-29 11:18:30.702000+00:00,1906
2019-09-29 11:18:36.163000+00:00,1907
2019-09-29 11:18:42.403000+00:00,1908
2019-09-29 11:18:45.746000+00:00,1909
2019-09-29 11:18:49.425000+00:00,1910
2019-09-29 11:19:07.361000+00:00,1911
2019-09-29 11:20:06.338000+00:00,1912
2019-09-29 11:20:13.711000+00:00,1913
2019-09-29 11:20:19.771000+00:00,1914
2019-09-29 11:20:28.143000+00:00,1915
2019-09-29 11:20:29.342000+00:00,1916
2019-09-29 11:20:30.946000+00:00,1917
2019-09-29 11:20:33.148000+00:00,1918
2019-09-29 11:20:40.417000+00:00,1919
2019-09-29 11:20:44.297000+00:00,1920
2019-09-29 11:20:53.673000+00:00,1921
2019-09-29 11:21:09.412000+00:00,1922
2019-09-29 11:21:16.634000+00:00,1923
2019-09-29 11:21:18.596000+00:00,1924
2019-09-29 11:21:21.236000+00:00,1925
2019-09-29 11:21:37.055000+00:00,1926
2019-09-29 11:21:43.046000+00:00,1927
2019-09-29 11:22:03.925000+00:00,1928
2019-09-29 11:22:58.736000+00:00,1929
2019-09-29 11:23:03.085000+00:00,1930
2019-09-29 11:23:41.313000+00:00,1931
2019-09-29 11:24:26.267000+00:00,1932
2019-09-29 11:44:25.510000+00:00,1933
2019-09-29 11:52:22.680000+00:00,1934
2019-09-29 12:02:31.654000+00:00,1935
2019-09-29 12:26:32.310000+00:00,1936
2019-10-01 12:32:11.926999+00:00,1937
2019-10-01 12:32:17.172999+00:00,1938
2019-10-01 12:32:19.413999+00:00,1939
2019-10-01 12:32:22.335999+00:00,1940
2019-10-01 12:32:24.110999+00:00,1941
2019-10-01 12:32:26.089999+00:00,1942
2019-10-01 12:32:29.278999+00:00,1943
2019-10-01 12:32:37.153999+00:00,1944
2019-10-01 12:32:42.033999+00:00,1945
2019-10-01 12:32:45.744999+00:00,1946
2019-10-01 12:32:52.717999+00:00,1947
2019-10-01 12:33:04.964999+00:00,1948
2019-10-01 12:33:06.551999+00:00,1949
2019-10-01 12:33:08.587999+00:00,1950
2019-10-01 12:33:10.669999+00:00,1951
2019-10-01 12:33:12.545999+00:00,1952
2019-10-01 12:33:15.647999+00:00,1953
2019-10-01 12:33:23.438999+00:00,1954
2019-10-01 12:33:25.829999+00:00,1955
2019-10-01 12:33:27.488999+00:00,1956
2019-10-01 12:33:29.130999+00:00,1957
2019-10-01 12:33:30.624999+00:00,1958
2019-10-01 12:33:32.079999+00:00,1959
2019-10-01 12:33:36.975999+00:00,1960
2019-10-01 12:33:39.681999+00:00,1961
2019-10-01 12:33:42.285999+00:00,1962
2019-10-01 12:33:45.304999+00:00,1963
2019-10-01 12:33:48.002999+00:00,1964
2019-10-01 12:33:50.931999+00:00,1965
2019-10-01 12:33:54.874999+00:00,1966
2019-10-01 12:34:00.660999+00:00,1967
2019-10-01 12:34:04.059999+00:00,1968
2019-10-01 12:34:06.396999+00:00,1969
2019-10-01 12:34:08.927999+00:00,1970
2019-10-01 12:34:11.648999+00:00,1971
2019-10-01 12:34:15.050999+00:00,1972
2019-10-01 12:34:20.284999+00:00,1973
2019-10-01 12:34:23.628999+00:00,1974
2019-10-01 12:34:26.336999+00:00,1975
2019-10-01 12:34:28.372999+00:00,1976
2019-10-01 12:34:30.381999+00:00,1977
2019-10-01 12:34:32.333999+00:00,1978
2019-10-01 12:34:34.205999+00:00,1979
2019-10-01 12:34:36.253999+00:00,1980
2019-10-01 12:34:38.464999+00:00,1981
2019-10-01 12:34:41.079999+00:00,1982
2019-10-01 12:34:43.724999+00:00,1983
2019-10-01 12:34:46.120999+00:00,1984
2019-10-01 12:34:48.345999+00:00,1985
2019-10-01 12:34:50.564999+00:00,1986
2019-10-01 12:34:52.551999+00:00,1987
2019-10-01 12:34:54.467999+00:00,1988
2019-10-01 12:34:56.772999+00:00,1989
2019-10-01 12:34:59.341999+00:00,1990
2019-10-01 12:35:02.191999+00:00,1991
2019-10-01 12:35:04.800999+00:00,1992
2019-10-01 12:35:07.621999+00:00,1993
2019-10-01 12:35:10.106999+00:00,1994
2019-10-01 12:35:12.547999+00:00,1995
2019-10-01 12:35:15.137999+00:00,1996
2019-10-01 12:35:17.659999+00:00,1997
2019-10-01 12:35:20.095999+00:00,1998
2019-10-01 12:35:22.348999+00:00,1999
2019-10-01 12:35:24.404999+00:00,2000
2019-10-01 12:35:26.769999+00:00,2001
2019-10-01 12:35:29.136999+00:00,2002
2019-10-01 12:35:31.512999+00:00,2003
2019-10-01 12:35:34.720999+00:00,2004
2019-10-01 12:35:40.660999+00:00,2005
2019-10-01 12:35:44.231999+00:00,2006
2019-10-01 12:35:47.560999+00:00,2007
2019-10-01 12:35:50.915999+00:00,2008
2019-10-01 12:35:53.617999+00:00,2009
2019-10-01 12:35:56.430999+00:00,2010
2019-10-01 12:35:59.401999+00:00,2011
2019-10-01 12:36:02.704999+00:00,2012
2019-10-01 12:36:05.625999+00:00,2013
2019-10-01 12:36:08.652999+00:00,2014
2019-10-01 12:36:11.579999+00:00,2015
2019-10-01 12:36:14.648999+00:00,2016
2019-10-01 12:36:16.228999+00:00,2017
2019-10-01 12:36:18.231999+00:00,2018
2019-10-01 12:36:19.862999+00:00,2019
2019-10-01 12:36:21.432999+00:00,2020
2019-10-01 12:36:23.142999+00:00,2021
2019-10-01 12:36:25.514999+00:00,2022
2019-10-01 12:36:28.652999+00:00,2023
2019-10-01 12:36:32.035999+00:00,2024
2019-10-01 12:36:34.778999+00:00,2025
2019-10-01 12:36:37.473999+00:00,2026
2019-10-01 12:36:40.469999+00:00,2027
2019-10-01 12:36:43.518999+00:00,2028
2019-10-01 12:36:46.573999+00:00,2029
2019-10-01 12:36:49.928999+00:00,2030
2019-10-01 12:36:53.233999+00:00,2031
2019-10-01 12:36:58.067999+00:00,2032
2019-10-01 12:37:01.249999+00:00,2033
2019-10-01 12:37:05.851999+00:00,2034
2019-10-01 12:37:09.520999+00:00,2035
2019-10-01 12:37:13.204999+00:00,2036
2019-10-01 12:37:17.886999+00:00,2037
2019-10-01 12:37:22.862999+00:00,2038
2019-10-01 12:37:27.574999+00:00,2039
2019-10-01 12:37:31.872999+00:00,2040
2019-10-01 12:37:34.802999+00:00,2041
2019-10-01 12:37:37.843999+00:00,2042
2019-10-01 12:37:40.874999+00:00,2043
2019-10-01 12:37:43.514999+00:00,2044
2019-10-01 12:37:45.940999+00:00,2045
2019-10-01 12:37:48.779999+00:00,2046
2019-10-01 12:37:52.102999+00:00,2047
2019-10-01 12:37:55.520999+00:00,2048
2019-10-01 12:37:58.936999+00:00,2049
2019-10-01 12:38:01.498999+00:00,2050
2019-10-01 12:38:04.442999+00:00,2051
2019-10-01 12:38:07.969999+00:00,2052
2019-10-01 12:38:11.804999+00:00,2053
2019-10-01 12:38:16.051999+00:00,2054
2019-10-01 12:38:20.159999+00:00,2055
2019-10-01 12:38:23.728999+00:00,2056
2019-10-01 12:38:26.596999+00:00,2057
2019-10-01 12:38:29.172999+00:00,2058
2019-10-01 12:38:31.959999+00:00,2059
2019-10-01 12:38:34.480999+00:00,2060
2019-10-01 12:38:36.456999+00:00,2061
2019-10-01 12:38:38.332999+00:00,2062
2019-10-01 12:38:40.326999+00:00,2063
2019-10-01 12:38:42.617999+00:00,2064
2019-10-01 12:38:44.789999+00:00,2065
2019-10-01 12:38:46.862999+00:00,2066
2019-10-01 12:38:49.372999+00:00,2067
2019-10-01 12:38:51.938999+00:00,2068
2019-10-01 12:38:54.093999+00:00,2069
2019-10-01 12:38:56.433999+00:00,2070
2019-10-01 12:38:58.826999+00:00,2071
2019-10-01 12:39:01.407999+00:00,2072
2019-10-01 12:39:04.097999+00:00,2073
2019-10-01 12:39:06.023999+00:00,2074
2019-10-01 12:39:09.543999+00:00,2075
2019-10-01 12:39:11.558999+00:00,2076
2019-10-01 12:39:13.725999+00:00,2077
2019-10-01 12:39:16.039999+00:00,2078
2019-10-01 12:39:18.369999+00:00,2079
2019-10-01 12:39:21.313999+00:00,2080
2019-10-01 12:39:24.625999+00:00,2081
2019-10-01 12:39:27.820999+00:00,2082
2019-10-01 12:39:30.691999+00:00,2083
2019-10-01 12:39:33.589999+00:00,2084
2019-10-01 12:39:36.291999+00:00,2085
2019-10-01 12:39:38.237999+00:00,2086
2019-10-01 12:39:40.077999+00:00,2087
2019-10-01 12:39:41.937999+00:00,2088
2019-10-01 12:39:44.009999+00:00,2089
2019-10-01 12:39:46.301999+00:00,2090
2019-10-01 12:39:48.179999+00:00,2091
2019-10-01 12:39:49.898999+00:00,2092
2019-10-01 12:39:51.853999+00:00,2093
2019-10-01 12:39:53.866999+00:00,2094
2019-10-01 12:39:56.147999+00:00,2095
2019-10-01 12:39:58.608999+00:00,2096
2019-10-01 12:40:01.308999+00:00,2097
2019-10-01 12:40:03.710999+00:00,2098
2019-10-01 12:40:06.005999+00:00,2099
2019-10-01 12:40:08.587999+00:00,2100
2019-10-01 12:40:11.349999+00:00,2101
2019-10-01 12:40:14.047999+00:00,2102
2019-10-01 12:40:15.596999+00:00,2103
2019-10-01 12:40:17.000999+00:00,2104
2019-10-01 12:40:19.998999+00:00,2105
2019-10-01 12:40:22.625999+00:00,2106
2019-10-01 12:40:25.134999+00:00,2107
2019-10-01 12:40:27.762999+00:00,2108
2019-10-01 12:40:30.368999+00:00,2109
2019-10-01 12:40:32.846999+00:00,2110
2019-10-01 12:40:35.371999+00:00,2111
2019-10-01 12:40:38.051999+00:00,2112
2019-10-01 12:40:40.652999+00:00,2113
2019-10-01 12:40:43.298999+00:00,2114
2019-10-01 12:40:45.984999+00:00,2115
2019-10-01 12:40:48.611999+00:00,2116
2019-10-01 12:40:51.237999+00:00,2117
2019-10-01 12:40:53.591999+00:00,2118
2019-10-01 12:40:56.165999+00:00,2119
2019-10-01 12:40:59.355999+00:00,2120
2019-10-01 12:41:02.904999+00:00,2121
2019-10-01 12:41:05.220999+00:00,2122
2019-10-01 12:41:07.352999+00:00,2123
2019-10-01 12:41:09.440999+00:00,2124
2019-10-01 12:41:12.309999+00:00,2125
2019-10-01 12:41:16.045999+00:00,2126
2019-10-01 12:41:19.478999+00:00,2127
2019-10-01 12:41:24.538999+00:00,2128
2019-10-01 12:41:28.840999+00:00,2129
2019-10-01 12:41:32.012999+00:00,2130
2019-10-01 12:41:34.447999+00:00,2131
2019-10-01 12:41:37.014999+00:00,2132
2019-10-01 12:41:39.865999+00:00,2133
2019-10-01 12:41:43.145999+00:00,2134
2019-10-01 12:41:46.954999+00:00,2135
2019-10-01 12:41:51.154999+00:00,2136
2019-10-01 12:41:54.990999+00:00,2137
2019-10-01 12:42:03.910999+00:00,2138
2019-10-01 12:42:09.715999+00:00,2139
2019-10-01 12:42:18.424999+00:00,2140
2019-10-01 12:42:21.594999+00:00,2141
2019-10-01 12:42:25.561999+00:00,2142
2019-10-01 12:42:33.869999+00:00,2143
2019-10-01 12:42:46.113999+00:00,2144
2019-10-01 12:42:56.820999+00:00,2145
2019-10-01 12:43:12.398999+00:00,2146
2019-10-01 12:43:23.065999+00:00,2147
2019-10-01 12:47:10.775999+00:00,2148
2019-10-01 12:47:12.092999+00:00,2149
2019-10-01 12:47:15.683999+00:00,2150
2019-10-07 10:58:34.192000+00:00,2151
2019-10-07 10:58:35.927000+00:00,2152
2019-10-07 10:58:37.843000+00:00,2153
2019-10-07 10:58:40.019000+00:00,2154
2019-10-07 10:58:56.070000+00:00,2155
2019-10-07 10:59:10.282000+00:00,2156
2019-10-07 10:59:14.856000+00:00,2157
2019-10-07 10:59:26.141000+00:00,2158
2019-10-07 11:00:17.943000+00:00,2159
2019-10-07 11:00:55.632000+00:00,2160
2019-10-07 11:01:26.843000+00:00,2161
2019-10-07 11:02:03.958000+00:00,2162
2019-10-07 11:02:37.491000+00:00,2163
2019-10-07 11:03:48.973000+00:00,2164
2019-10-10 20:25:42.746001+00:00,2165
2019-10-11 02:29:32.169000+00:00,2166
2019-10-18 15:34:45.182000+00:00,2167
2019-11-07 19:11:45.463000+00:00,2168
2019-11-22 18:39:19.796000+00:00,2169
2019-12-06 19:35:42.961000+00:00,2170
2019-12-07 20:26:42.249000+00:00,2171
2019-12-08 00:17:46.016000+00:00,2172
2019-12-08 00:17:50.855000+00:00,2173
2019-12-08 00:17:59.838000+00:00,2174
2019-12-08 00:18:38.220000+00:00,2175
2019-12-08 00:19:47.271000+00:00,2176
2019-12-08 00:21:02.886000+00:00,2177
2019-12-08 00:22:47.590000+00:00,2178
2019-12-08 00:25:42.708000+00:00,2179
2019-12-08 00:29:11.888000+00:00,2180
2019-12-08 00:29:13.552000+00:00,2181
2019-12-08 00:29:15.558000+00:00,2182
2019-12-08 00:29:18.285000+00:00,2183
2019-12-08 00:29:20.425000+00:00,2184
2019-12-08 00:29:29.803000+00:00,2185
2019-12-08 00:29:52.993000+00:00,2186
2019-12-08 00:31:31.854000+00:00,2187
2019-12-08 00:31:57.860000+00:00,2188
2019-12-08 00:33:32.767000+00:00,2189
2019-12-08 00:36:24.963000+00:00,2190
2019-12-08 00:49:22.609000+00:00,2191
2019-12-08 01:04:33.196000+00:00,2192
2019-12-08 12:53:54.016000+00:00,2193
2019-12-08 12:54:37.346000+00:00,2194
2019-12-08 12:54:55.641000+00:00,2195
2019-12-08 12:55:23.343000+00:00,2196
2019-12-08 12:56:01.829000+00:00,2197
2019-12-08 12:59:42.444000+00:00,2198
2019-12-08 13:09:54.333000+00:00,2199
2019-12-08 13:43:28.157000+00:00,2200
2019-12-08 13:43:43.084000+00:00,2201
2019-12-08 13:44:29.723000+00:00,2202
2019-12-08 13:44:53.814000+00:00,2203
2019-12-08 13:45:27.610000+00:00,2204
2019-12-08 13:45:35.960000+00:00,2205
2019-12-08 13:46:02.535000+00:00,2206
2019-12-08 13:46:14.015000+00:00,2207
2019-12-08 13:46:38.357000+00:00,2208
2019-12-08 13:46:58.159000+00:00,2209
2019-12-08 13:47:22.981000+00:00,2210
2019-12-08 13:47:33.055000+00:00,2211
2019-12-08 13:48:17.651000+00:00,2212
2019-12-08 13:48:53.323000+00:00,2213
2019-12-08 13:49:03.190000+00:00,2214
2019-12-08 13:49:07.458000+00:00,2215
2019-12-08 13:49:17.232000+00:00,2216
2019-12-08 13:49:55.468000+00:00,2217
2019-12-08 13:50:40.509000+00:00,2218
2019-12-08 13:51:31.434000+00:00,2219
2019-12-08 13:52:18.412000+00:00,2220
2019-12-08 13:52:39.025000+00:00,2221
2019-12-08 13:52:49.558000+00:00,2222
2019-12-08 13:54:02.141000+00:00,2223
2019-12-08 13:56:05.375000+00:00,2224
2019-12-08 13:57:29.874000+00:00,2225
2019-12-08 13:58:40.804000+00:00,2226
2019-12-08 13:59:08.897000+00:00,2227
2019-12-08 13:59:28.449000+00:00,2228
2019-12-08 14:00:04.899000+00:00,2229
2019-12-08 14:00:43.674000+00:00,2230
2019-12-08 14:01:34.908000+00:00,2231
2019-12-08 14:02:07.788000+00:00,2232
2019-12-08 14:02:32.723000+00:00,2233
2019-12-08 14:02:48.687000+00:00,2234
2019-12-08 14:03:14.649000+00:00,2235
2019-12-08 14:03:42.025000+00:00,2236
2019-12-08 14:04:12.899000+00:00,2237
2019-12-08 14:05:08.122000+00:00,2238
2019-12-08 14:05:45.123000+00:00,2239
2019-12-08 14:06:17.520000+00:00,2240
2019-12-08 14:07:05.830000+00:00,2241
2019-12-08 14:07:59.293000+00:00,2242
2019-12-08 14:09:02.239000+00:00,2243
2019-12-08 14:09:50.483000+00:00,2244
2019-12-08 14:10:18.945000+00:00,2245
2019-12-08 14:11:20.073000+00:00,2246
2019-12-08 14:13:03.173000+00:00,2247
2019-12-08 14:17:21.749000+00:00,2248
2019-12-08 14:22:20.870000+00:00,2249
2019-12-08 14:25:38.208000+00:00,2250
2019-12-08 14:27:51.698000+00:00,2251
2019-12-08 14:29:06.778000+00:00,2252
2019-12-08 14:29:55.362000+00:00,2253
2019-12-08 14:30:19.107000+00:00,2254
2019-12-08 14:30:38.045000+00:00,2255
2019-12-08 14:30:54.489000+00:00,2256
2019-12-08 14:31:11.446000+00:00,2257
2019-12-08 14:31:25.094000+00:00,2258
2019-12-08 14:31:34.198000+00:00,2259
2019-12-08 14:31:52.209000+00:00,2260
2019-12-08 14:32:05.698000+00:00,2261
2019-12-08 14:32:21.547000+00:00,2262
2019-12-08 14:32:45.237000+00:00,2263
2019-12-08 14:33:03.274000+00:00,2264
2019-12-08 14:33:28.221000+00:00,2265
2019-12-08 14:34:02.548000+00:00,2266
2019-12-08 14:34:39.683000+00:00,2267
2019-12-08 14:35:40.581000+00:00,2268
2019-12-08 14:36:35.074000+00:00,2269
2019-12-08 14:38:51.304000+00:00,2270
2019-12-08 14:42:14.481000+00:00,2271
2019-12-08 14:46:00.166000+00:00,2272
2019-12-08 14:50:48.510000+00:00,2273
2019-12-08 14:55:30.030000+00:00,2274
2019-12-08 15:00:05.524000+00:00,2275
2019-12-08 15:03:00.948000+00:00,2276
2019-12-08 15:04:32.156000+00:00,2277
2019-12-08 15:06:36.141000+00:00,2278
2019-12-08 15:07:46.304000+00:00,2279
2019-12-08 15:09:34.262000+00:00,2280
2019-12-08 15:11:39.167000+00:00,2281
2019-12-08 15:13:58.967000+00:00,2282
2019-12-08 15:18:19.924000+00:00,2283
2019-12-08 15:21:51.900000+00:00,2284
2019-12-08 15:28:16.171000+00:00,2285
2019-12-08 15:28:23.995000+00:00,2286
2019-12-08 15:33:15.021000+00:00,2287
2019-12-09 04:20:16.978000+00:00,2288
2019-12-09 12:42:35.940000+00:00,2289
2019-12-10 18:08:52.567000+00:00,2290
2019-12-12 02:28:16.545000+00:00,2291
2019-12-14 20:26:35.746000+00:00,2292
2019-12-14 22:25:30.396000+00:00,2293
2019-12-16 08:58:44.033000+00:00,2294
2019-12-18 09:12:46.316001+00:00,2295
2019-12-19 03:40:05.589001+00:00,2296
2019-12-20 00:34:43.899000+00:00,2297
2019-12-20 19:13:33.015000+00:00,2298
2019-12-21 11:51:45.822000+00:00,2299
2019-12-22 16:59:20.321000+00:00,2300
2019-12-23 13:45:43.181000+00:00,2301
2019-12-23 13:45:49.135000+00:00,2302
2019-12-24 00:17:46.502000+00:00,2303
2019-12-24 02:44:06.326000+00:00,2304
2019-12-24 06:00:17.588000+00:00,2305
2019-12-24 17:17:31.267000+00:00,2306
2019-12-24 22:06:50.776000+00:00,2307
2019-12-25 13:05:52.394001+00:00,2308
2019-12-25 20:19:11.351001+00:00,2309
2019-12-26 22:11:10.403000+00:00,2310
2019-12-27 00:54:53.947000+00:00,2311
2019-12-29 18:24:05.206000+00:00,2312
2019-12-30 22:37:24.982999+00:00,2313
2019-12-31 11:22:53.039001+00:00,2314
2019-12-31 20:04:05.793001+00:00,2315
2019-12-31 22:25:02.311001+00:00,2316
2020-01-01 02:09:09.550001+00:00,2317
2020-01-01 09:03:55.825001+00:00,2318
2020-01-01 18:12:00.864001+00:00,2319
2020-01-01 22:15:15.189001+00:00,2320
2020-01-02 05:52:29.985000+00:00,2321
2020-01-02 16:32:39.465000+00:00,2322
2020-01-02 20:49:56.366000+00:00,2323
2020-01-02 23:49:05.511000+00:00,2324
2020-01-03 05:37:30.810000+00:00,2325
2020-01-03 07:51:57.442000+00:00,2326
2020-01-03 18:29:23.570000+00:00,2327
2020-01-03 22:32:33.584000+00:00,2328
2020-01-04 01:17:46.247000+00:00,2329
2020-01-04 18:35:22.161000+00:00,2330
2020-01-05 03:42:33.959000+00:00,2331
2020-01-05 18:27:27.732000+00:00,2332
2020-01-05 22:10:06.402000+00:00,2333
2020-01-06 00:32:56.394000+00:00,2334
2020-01-06 01:57:45.230000+00:00,2335
2020-01-06 06:20:13.689000+00:00,2336
2020-01-06 11:22:01.580000+00:00,2337
2020-01-06 16:45:49.246000+00:00,2338
2020-01-06 21:24:54.127000+00:00,2339
2020-01-07 06:02:02.879000+00:00,2340
2020-01-07 15:21:03.504000+00:00,2341
2020-01-08 01:34:28.509999+00:00,2342
2020-01-08 09:20:33.673999+00:00,2343
2020-01-09 00:00:22.301001+00:00,2344
2020-01-09 19:30:08.389001+00:00,2345
2020-01-10 07:08:23.808000+00:00,2346
2020-01-11 11:04:10.206000+00:00,2347
2020-01-11 14:55:55.931000+00:00,2348
2020-01-11 14:57:09.827000+00:00,2349
2020-01-11 15:34:56.492000+00:00,2350
2020-01-11 15:35:38.302000+00:00,2351
2020-01-11 15:44:45.304000+00:00,2352
2020-01-11 19:49:18.360000+00:00,2353
2020-01-11 19:49:22.265000+00:00,2354
2020-01-11 19:49:23.370000+00:00,2355
2020-01-11 19:49:25.786000+00:00,2356
2020-01-11 19:49:27.133000+00:00,2357
2020-01-11 19:49:28.368000+00:00,2358
2020-01-11 19:49:30.740000+00:00,2359
2020-01-11 19:49:32.569000+00:00,2360
2020-01-11 19:49:35.992000+00:00,2361
2020-01-11 19:49:38.309000+00:00,2362
2020-01-11 19:49:39.805000+00:00,2363
2020-01-11 19:49:41.255000+00:00,2364
2020-01-11 19:49:44.435000+00:00,2365
2020-01-11 19:49:46.140000+00:00,2366
2020-01-11 19:49:49.458000+00:00,2367
2020-01-11 19:49:51.309000+00:00,2368
2020-01-11 19:49:54.735000+00:00,2369
2020-01-11 19:49:56.687000+00:00,2370
2020-01-11 19:50:00.985000+00:00,2371
2020-01-11 19:50:03.528000+00:00,2372
2020-01-11 19:50:09.092000+00:00,2373
2020-01-11 19:50:12.885000+00:00,2374
2020-01-11 19:50:22.777000+00:00,2375
2020-01-11 19:50:28.889000+00:00,2376
2020-01-11 19:50:42.457000+00:00,2377
2020-01-11 19:50:49.735000+00:00,2378
2020-01-11 19:50:57.758000+00:00,2379
2020-01-11 19:51:03.080000+00:00,2380
2020-01-11 19:51:14.201000+00:00,2381
2020-01-11 19:51:21.006000+00:00,2382
2020-01-11 19:51:29.753000+00:00,2383
2020-01-11 19:51:38.605000+00:00,2384
2020-01-11 19:51:57.462000+00:00,2385
2020-01-11 19:52:21.837000+00:00,2386
2020-01-11 19:52:37.390000+00:00,2387
2020-01-11 19:53:02.970000+00:00,2388
2020-01-11 19:53:24.929000+00:00,2389
2020-01-11 19:53:35.662000+00:00,2390
2020-01-11 19:53:45.359000+00:00,2391
2020-01-11 19:53:53.465000+00:00,2392
2020-01-11 19:54:04.431000+00:00,2393
2020-01-11 19:54:27.563000+00:00,2394
2020-01-11 19:55:03.668000+00:00,2395
2020-01-11 19:55:58.003000+00:00,2396
2020-01-11 19:58:59.897000+00:00,2397
2020-01-11 20:04:36.742000+00:00,2398
2020-01-12 05:47:56.261009+00:00,2399
2020-01-14 03:25:31.663000+00:00,2400
2020-01-14 23:04:12.271000+00:00,2401
2020-01-16 12:35:45.757001+00:00,2402
2020-01-18 08:12:01.571000+00:00,2403
2020-01-18 16:21:50.866000+00:00,2404
2020-01-18 20:50:43.325000+00:00,2405
2020-01-19 00:38:58.222000+00:00,2406
2020-01-19 08:55:59.841000+00:00,2407
2020-01-19 12:06:51.285000+00:00,2408
2020-01-19 19:23:57.617000+00:00,2409
2020-01-19 22:29:36.153000+00:00,2410
2020-01-22 10:25:57.143000+00:00,2411
2020-01-24 05:53:08.295000+00:00,2412
2020-01-24 14:47:19.197000+00:00,2413
2020-01-25 11:01:01.536000+00:00,2414
2020-01-26 18:15:16.534000+00:00,2415
2020-01-26 20:02:03.285000+00:00,2416
2020-01-27 20:25:01.861000+00:00,2417
2020-01-27 23:38:21.132000+00:00,2418
2020-01-29 00:27:55.798000+00:00,2419
2020-01-29 01:50:37.761000+00:00,2420
2020-01-29 02:25:19.513000+00:00,2421
2020-01-30 05:33:13.773000+00:00,2422
2020-01-30 11:04:30.413000+00:00,2423
2020-01-30 19:23:32.731000+00:00,2424
2020-01-31 00:54:00.361000+00:00,2425
2020-02-01 03:06:35.996001+00:00,2426
2020-02-01 06:47:30.997001+00:00,2427
2020-02-01 21:32:40.701001+00:00,2428
2020-02-02 00:49:47.295000+00:00,2429
2020-02-02 05:41:40.738000+00:00,2430
2020-02-02 08:03:25.875000+00:00,2431
2020-02-02 12:32:29.838000+00:00,2432
2020-02-02 22:43:12.641000+00:00,2433
2020-02-03 09:30:09.057000+00:00,2434
